ID,Name,名称,繁中,日文,Form,Type 1,Type 2,Total,HP,Attack,Defense,Sp. Atk,Sp. Def,Speed,Generation,Legendary
1,Bulbasaur,妙蛙种子,妙蛙種子,フシギダネ,,Grass,Poison,318,45,49,49,65,65,45,1,
2,Ivysaur,妙蛙草,妙蛙草,フシギソウ,,Grass,Poison,405,60,62,63,80,80,60,1,
3,Venusaur,妙蛙花,妙蛙花,フシギバナ,,Grass,Poison,525,80,82,83,100,100,80,1,
3,Venusaur,妙蛙花,妙蛙花,フシギバナ,Mega Venusaur,Grass,Poison,625,80,100,123,122,120,80,1,
4,Charmander,小火龙,小火龍,ヒトカゲ,,Fire,,309,39,52,43,60,50,65,1,
5,Charmeleon,火恐龙,火恐龍,リザード,,Fire,,405,58,64,58,80,65,80,1,
6,Charizard,喷火龙,噴火龍,リザードン,,Fire,Flying,534,78,84,78,109,85,100,1,
6,Charizard,喷火龙,噴火龍,リザードン,Mega Charizard X,Fire,Dragon,634,78,130,111,130,85,100,1,
6,Charizard,喷火龙,噴火龍,リザードン,Mega Charizard Y,Fire,Flying,634,78,104,78,159,115,100,1,
7,Squirtle,杰尼龟,傑尼龜,ゼニガメ,,Water,,314,44,48,65,50,64,43,1,
8,Wartortle,卡咪龟,卡咪龜,カメール,,Water,,405,59,63,80,65,80,58,1,
9,Blastoise,水箭龟,水箭龜,カメックス,,Water,,530,79,83,100,85,105,78,1,
9,Blastoise,水箭龟,水箭龜,カメックス,Mega Blastoise,Water,,630,79,103,120,135,115,78,1,
10,Caterpie,绿毛虫,綠毛蟲,キャタピー,,Bug,,195,45,30,35,20,20,45,1,
11,Metapod,铁甲蛹,鐵甲蛹,トランセル,,Bug,,205,50,20,55,25,25,30,1,
12,Butterfree,巴大蝶,巴大蝶,バタフリー,,Bug,Flying,395,60,45,50,90,80,70,1,
13,Weedle,独角虫,獨角蟲,ビードル,,Bug,Poison,195,40,35,30,20,20,50,1,
14,Kakuna,铁壳蛹,鐵殼蛹,コクーン,,Bug,Poison,205,45,25,50,25,25,35,1,
15,Beedrill,大针蜂,大針蜂,スピアー,,Bug,Poison,395,65,90,40,45,80,75,1,
15,Beedrill,大针蜂,大針蜂,スピアー,Mega Beedrill,Bug,Poison,495,65,150,40,15,80,145,1,
16,Pidgey,波波,波波,ポッポ,,Normal,Flying,251,40,45,40,35,35,56,1,
17,Pidgeotto,比比鸟,比比鳥,ピジョン,,Normal,Flying,349,63,60,55,50,50,71,1,
18,Pidgeot,大比鸟,大比鳥,ピジョット,,Normal,Flying,479,83,80,75,70,70,101,1,
18,Pidgeot,大比鸟,大比鳥,ピジョット,Mega Pidgeot,Normal,Flying,579,83,80,80,135,80,121,1,
19,Rattata,小拉达,小拉達,コラッタ,,Normal,,253,30,56,35,25,35,72,1,
19,Rattata,小拉达,小拉達,コラッタ,Alolan Rattata,Dark,Normal,253,30,56,35,25,35,72,1,
20,Raticate,拉达,拉達,ラッタ,,Normal,,413,55,81,60,50,70,97,1,
20,Raticate,拉达,拉達,ラッタ,Alolan Raticate,Dark,Normal,413,75,71,70,40,80,77,1,
21,Spearow,烈雀,烈雀,オニスズメ,,Normal,Flying,262,40,60,30,31,31,70,1,
22,Fearow,大嘴雀,大嘴雀,オニドリル,,Normal,Flying,442,65,90,65,61,61,100,1,
23,Ekans,阿柏蛇,阿柏蛇,アーボ,,Poison,,288,35,60,44,40,54,55,1,
24,Arbok,阿柏怪,阿柏怪,アーボック,,Poison,,448,60,95,69,65,79,80,1,
25,Pikachu,皮卡丘,皮卡丘,ピカチュウ,,Electric,,320,35,55,40,50,50,90,1,
25,Pikachu,皮卡丘,皮卡丘,ピカチュウ,Partner Pikachu,Electric,,430,45,80,50,75,60,120,1,
26,Raichu,雷丘,雷丘,ライチュウ,,Electric,,485,60,90,55,90,80,110,1,
26,Raichu,雷丘,雷丘,ライチュウ,Alolan Raichu,Electric,Psychic,485,60,85,50,95,85,110,1,
27,Sandshrew,穿山鼠,穿山鼠,サンド,,Ground,,300,50,75,85,20,30,40,1,
27,Sandshrew,穿山鼠,穿山鼠,サンド,Alolan Sandshrew,Ice,Steel,300,50,75,90,10,35,40,1,
28,Sandslash,穿山王,穿山王,サンドパン,,Ground,,450,75,100,110,45,55,65,1,
28,Sandslash,穿山王,穿山王,サンドパン,Alolan Sandslash,Ice,Steel,450,75,100,120,25,65,65,1,
29,Nidoran♀,尼多兰,尼多蘭,ニドラン♀,,Poison,,275,55,47,52,40,40,41,1,
30,Nidorina,尼多娜,尼多娜,ニドリーナ,,Poison,,365,70,62,67,55,55,56,1,
31,Nidoqueen,尼多后,尼多后,ニドクイン,,Poison,Ground,505,90,92,87,75,85,76,1,
32,Nidoran♂,尼多朗,尼多朗,ニドラン♂,,Poison,,273,46,57,40,40,40,50,1,
33,Nidorino,尼多力诺,尼多力諾,ニドリーノ,,Poison,,365,61,72,57,55,55,65,1,
34,Nidoking,尼多王,尼多王,ニドキング,,Poison,Ground,505,81,102,77,85,75,85,1,
35,Clefairy,皮皮,皮皮,ピッピ,,Fairy,,323,70,45,48,60,65,35,1,
36,Clefable,皮可西,皮可西,ピクシー,,Fairy,,483,95,70,73,95,90,60,1,
37,Vulpix,六尾,六尾,ロコン,,Fire,,299,38,41,40,50,65,65,1,
37,Vulpix,六尾,六尾,ロコン,Alolan Vulpix,Ice,,299,38,41,40,50,65,65,1,
38,Ninetales,九尾,九尾,キュウコン,,Fire,,505,73,76,75,81,100,100,1,
38,Ninetales,九尾,九尾,キュウコン,Alolan Ninetales,Ice,Fairy,505,73,67,75,81,100,109,1,
39,Jigglypuff,胖丁,胖丁,プリン,,Normal,Fairy,270,115,45,20,45,25,20,1,
40,Wigglytuff,胖可丁,胖可丁,プクリン,,Normal,Fairy,435,140,70,45,85,50,45,1,
41,Zubat,超音蝠,超音蝠,ズバット,,Poison,Flying,245,40,45,35,30,40,55,1,
42,Golbat,大嘴蝠,大嘴蝠,ゴルバット,,Poison,Flying,455,75,80,70,65,75,90,1,
43,Oddish,走路草,走路草,ナゾノクサ,,Grass,Poison,320,45,50,55,75,65,30,1,
44,Gloom,臭臭花,臭臭花,クサイハナ,,Grass,Poison,395,60,65,70,85,75,40,1,
45,Vileplume,霸王花,霸王花,ラフレシア,,Grass,Poison,490,75,80,85,110,90,50,1,
46,Paras,派拉斯,派拉斯,パラス,,Bug,Grass,285,35,70,55,45,55,25,1,
47,Parasect,派拉斯特,派拉斯特,パラセクト,,Bug,Grass,405,60,95,80,60,80,30,1,
48,Venonat,毛球,毛球,コンパン,,Bug,Poison,305,60,55,50,40,55,45,1,
49,Venomoth,摩鲁蛾,摩魯蛾,モルフォン,,Bug,Poison,450,70,65,60,90,75,90,1,
50,Diglett,地鼠,地鼠,ディグダ,,Ground,,265,10,55,25,35,45,95,1,
50,Diglett,地鼠,地鼠,ディグダ,Alolan Diglett,Ground,Steel,265,10,55,30,35,45,90,1,
51,Dugtrio,三地鼠,三地鼠,ダグトリオ,,Ground,,425,35,100,50,50,70,120,1,
51,Dugtrio,三地鼠,三地鼠,ダグトリオ,Alolan Dugtrio,Ground,Steel,425,35,100,60,50,70,110,1,
52,Meowth,喵喵,喵喵,ニャース,,Normal,,290,40,45,35,40,40,90,1,
52,Meowth,喵喵,喵喵,ニャース,Alolan Meowth,Dark,,290,40,35,35,50,40,90,1,
52,Meowth,喵喵,喵喵,ニャース,Galarian Meowth,Steel,,290,50,65,55,40,40,40,1,
53,Persian,猫老大,貓老大,ペルシアン,,Normal,,440,65,70,60,65,65,115,1,
53,Persian,猫老大,貓老大,ペルシアン,Alolan Persian,Dark,,440,65,60,60,75,65,115,1,
54,Psyduck,可达鸭,可達鴨,コダック,,Water,,320,50,52,48,65,50,55,1,
55,Golduck,哥达鸭,哥達鴨,ゴルダック,,Water,,500,80,82,78,95,80,85,1,
56,Mankey,猴怪,猴怪,マンキー,,Fighting,,305,40,80,35,35,45,70,1,
57,Primeape,火爆猴,火爆猴,オコリザル,,Fighting,,455,65,105,60,60,70,95,1,
58,Growlithe,卡蒂狗,卡蒂狗,ガーディ,,Fire,,350,55,70,45,70,50,60,1,
58,Growlithe,卡蒂狗,卡蒂狗,ガーディ,Hisuian Growlithe,Fire,Rock,350,60,75,45,65,50,55,1,
59,Arcanine,风速狗,風速狗,ウインディ,,Fire,,555,90,110,80,100,80,95,1,
59,Arcanine,风速狗,風速狗,ウインディ,Hisuian Arcanine,Fire,Rock,555,95,115,80,95,80,90,1,
60,Poliwag,蚊香蝌蚪,蚊香蝌蚪,ニョロモ,,Water,,300,40,50,40,40,40,90,1,
61,Poliwhirl,蚊香君,蚊香君,ニョロゾ,,Water,,385,65,65,65,50,50,90,1,
62,Poliwrath,蚊香泳士,蚊香泳士,ニョロボン,,Water,Fighting,510,90,95,95,70,90,70,1,
63,Abra,卡西,凱西,ケーシィ,,Psychic,,310,25,20,15,105,55,90,1,
64,Kadabra,勇基拉,勇基拉,ユンゲラー,,Psychic,,400,40,35,30,120,70,105,1,
65,Alakazam,胡地,胡地,フーディン,,Psychic,,500,55,50,45,135,95,120,1,
65,Alakazam,胡地,胡地,フーディン,Mega Alakazam,Psychic,,600,55,50,65,175,105,150,1,
66,Machop,腕力,腕力,ワンリキー,,Fighting,,305,70,80,50,35,35,35,1,
67,Machoke,豪力,豪力,ゴーリキー,,Fighting,,405,80,100,70,50,60,45,1,
68,Machamp,怪力,怪力,カイリキー,,Fighting,,505,90,130,80,65,85,55,1,
69,Bellsprout,喇叭芽,喇叭芽,マダツボミ,,Grass,Poison,300,50,75,35,70,30,40,1,
70,Weepinbell,口呆花,口呆花,ウツドン,,Grass,Poison,390,65,90,50,85,45,55,1,
71,Victreebel,大食花,大食花,ウツボット,,Grass,Poison,490,80,105,65,100,70,70,1,
72,Tentacool,玛瑙水母,瑪瑙水母,メノクラゲ,,Water,Poison,335,40,40,35,50,100,70,1,
73,Tentacruel,毒刺水母,毒刺水母,ドククラゲ,,Water,Poison,515,80,70,65,80,120,100,1,
74,Geodude,小拳石,小拳石,イシツブテ,,Rock,Ground,300,40,80,100,30,30,20,1,
74,Geodude,小拳石,小拳石,イシツブテ,Alolan Geodude,Rock,Electric,300,40,80,100,30,30,20,1,
75,Graveler,隆隆石,隆隆石,ゴローン,,Rock,Ground,390,55,95,115,45,45,35,1,
75,Graveler,隆隆石,隆隆石,ゴローン,Alolan Graveler,Rock,Electric,390,55,95,115,45,45,35,1,
76,Golem,隆隆岩,隆隆岩,ゴローニャ,,Rock,Ground,495,80,120,130,55,65,45,1,
76,Golem,隆隆岩,隆隆岩,ゴローニャ,Alolan Golem,Rock,Electric,495,80,120,130,55,65,45,1,
77,Ponyta,小火马,小火馬,ポニータ,,Fire,,410,50,85,55,65,65,90,1,
77,Ponyta,小火马,小火馬,ポニータ,Galarian Ponyta,Psychic,,410,50,85,55,65,65,90,1,
78,Rapidash,烈焰马,烈焰馬,ギャロップ,,Fire,,500,65,100,70,80,80,105,1,
78,Rapidash,烈焰马,烈焰馬,ギャロップ,Galarian Rapidash,Psychic,Fairy,500,65,100,70,80,80,105,1,
79,Slowpoke,呆呆兽,呆呆獸,ヤドン,,Water,Psychic,315,90,65,65,40,40,15,1,
79,Slowpoke,呆呆兽,呆呆獸,ヤドン,Galarian Slowpoke,Psychic,,315,90,65,65,40,40,15,1,
80,Slowbro,呆壳兽,呆殼獸,ヤドラン,,Water,Psychic,490,95,75,110,100,80,30,1,
80,Slowbro,呆壳兽,呆殼獸,ヤドラン,Mega Slowbro,Water,Psychic,590,95,75,180,130,80,30,1,
80,Slowbro,呆壳兽,呆殼獸,ヤドラン,Galarian Slowbro,Poison,Psychic,490,95,100,95,100,70,30,1,
81,Magnemite,小磁怪,小磁怪,コイル,,Electric,Steel,325,25,35,70,95,55,45,1,
82,Magneton,三合一磁怪,三合一磁怪,レアコイル,,Electric,Steel,465,50,60,95,120,70,70,1,
83,Farfetch'd,大葱鸭,大蔥鴨,カモネギ,,Normal,Flying,377,52,90,55,58,62,60,1,
83,Farfetch'd,大葱鸭,大蔥鴨,カモネギ,Galarian Farfetch'd,Fighting,,377,52,95,55,58,62,55,1,
84,Doduo,嘟嘟,嘟嘟,ドードー,,Normal,Flying,310,35,85,45,35,35,75,1,
85,Dodrio,嘟嘟利,嘟嘟利,ドードリオ,,Normal,Flying,470,60,110,70,60,60,110,1,
86,Seel,小海狮,小海獅,パウワウ,,Water,,325,65,45,55,45,70,45,1,
87,Dewgong,白海狮,白海獅,ジュゴン,,Water,Ice,475,90,70,80,70,95,70,1,
88,Grimer,臭泥,臭泥,ベトベター,,Poison,,325,80,80,50,40,50,25,1,
88,Grimer,臭泥,臭泥,ベトベター,Alolan Grimer,Poison,Dark,325,80,80,50,40,50,25,1,
89,Muk,臭臭泥,臭臭泥,ベトベトン,,Poison,,500,105,105,75,65,100,50,1,
89,Muk,臭臭泥,臭臭泥,ベトベトン,Alolan Muk,Poison,Dark,500,105,105,75,65,100,50,1,
90,Shellder,大舌贝,大舌貝,シェルダー,,Water,,305,30,65,100,45,25,40,1,
91,Cloyster,刺甲贝,刺甲貝,パルシェン,,Water,Ice,525,50,95,180,85,45,70,1,
92,Gastly,鬼斯,鬼斯,ゴース,,Ghost,Poison,310,30,35,30,100,35,80,1,
93,Haunter,鬼斯通,鬼斯通,ゴースト,,Ghost,Poison,405,45,50,45,115,55,95,1,
94,Gengar,耿鬼,耿鬼,ゲンガー,,Ghost,Poison,500,60,65,60,130,75,110,1,
94,Gengar,耿鬼,耿鬼,ゲンガー,Mega Gengar,Ghost,Poison,600,60,65,80,170,95,130,1,
95,Onix,大岩蛇,大岩蛇,イワーク,,Rock,Ground,385,35,45,160,30,45,70,1,
96,Drowzee,催眠貘,催眠貘,スリープ,,Psychic,,328,60,48,45,43,90,42,1,
97,Hypno,引梦貘人,引夢貘人,スリーパー,,Psychic,,483,85,73,70,73,115,67,1,
98,Krabby,大钳蟹,大鉗蟹,クラブ,,Water,,325,30,105,90,25,25,50,1,
99,Kingler,巨钳蟹,巨鉗蟹,キングラー,,Water,,475,55,130,115,50,50,75,1,
100,Voltorb,霹雳电球,霹靂電球,ビリリダマ,,Electric,,330,40,30,50,55,55,100,1,
100,Voltorb,霹雳电球,霹靂電球,ビリリダマ,Hisuian Voltorb,Electric,Grass,330,40,30,50,55,55,100,1,
101,Electrode,顽皮雷弹,頑皮雷彈,マルマイン,,Electric,,490,60,50,70,80,80,150,1,
101,Electrode,顽皮雷弹,頑皮雷彈,マルマイン,Hisuian Electrode,Electric,Grass,490,60,50,70,80,80,150,1,
102,Exeggcute,蛋蛋,蛋蛋,タマタマ,,Grass,Psychic,325,60,40,80,60,45,40,1,
103,Exeggutor,椰蛋树,椰蛋樹,ナッシー,,Grass,Psychic,530,95,95,85,125,75,55,1,
103,Exeggutor,椰蛋树,椰蛋樹,ナッシー,Alolan Exeggutor,Grass,Dragon,530,95,105,85,125,75,45,1,
104,Cubone,卡拉卡拉,卡拉卡拉,カラカラ,,Ground,,320,50,50,95,40,50,35,1,
105,Marowak,嘎啦嘎啦,嘎啦嘎啦,ガラガラ,,Ground,,425,60,80,110,50,80,45,1,
105,Marowak,嘎啦嘎啦,嘎啦嘎啦,ガラガラ,Alolan Marowak,Fire,Ghost,425,60,80,110,50,80,45,1,
106,Hitmonlee,飞腿郎,飛腿郎,サワムラー,,Fighting,,455,50,120,53,35,110,87,1,
107,Hitmonchan,快拳郎,快拳郎,エビワラー,,Fighting,,455,50,105,79,35,110,76,1,
108,Lickitung,大舌头,大舌頭,ベロリンガ,,Normal,,385,90,55,75,60,75,30,1,
109,Koffing,瓦斯弹,瓦斯彈,ドガース,,Poison,,340,40,65,95,60,45,35,1,
110,Weezing,双弹瓦斯,雙彈瓦斯,マタドガス,,Poison,,490,65,90,120,85,70,60,1,
110,Weezing,双弹瓦斯,雙彈瓦斯,マタドガス,Galarian Weezing,Poison,Fairy,490,65,90,120,85,70,60,1,
111,Rhyhorn,独角犀牛,獨角犀牛,サイホーン,,Ground,Rock,345,80,85,95,30,30,25,1,
112,Rhydon,钻角犀兽,鑽角犀獸,サイドン,,Ground,Rock,485,105,130,120,45,45,40,1,
113,Chansey,吉利蛋,吉利蛋,ラッキー,,Normal,,450,250,5,5,35,105,50,1,
114,Tangela,蔓藤怪,蔓藤怪,モンジャラ,,Grass,,435,65,55,115,100,40,60,1,
115,Kangaskhan,袋兽,袋獸,ガルーラ,,Normal,,490,105,95,80,40,80,90,1,
115,Kangaskhan,袋兽,袋獸,ガルーラ,Mega Kangaskhan,Normal,,590,105,125,100,60,100,100,1,
116,Horsea,墨海马,墨海馬,タッツー,,Water,,295,30,40,70,70,25,60,1,
117,Seadra,海刺龙,海刺龍,シードラ,,Water,,440,55,65,95,95,45,85,1,
118,Goldeen,角金鱼,角金魚,トサキント,,Water,,320,45,67,60,35,50,63,1,
119,Seaking,金鱼王,金魚王,アズマオウ,,Water,,450,80,92,65,65,80,68,1,
120,Staryu,海星星,海星星,ヒトデマン,,Water,,340,30,45,55,70,55,85,1,
121,Starmie,宝石海星,寶石海星,スターミー,,Water,Psychic,520,60,75,85,100,85,115,1,
122,Mr. Mime,魔墙人偶,魔牆人偶,バリヤード,,Psychic,Fairy,460,40,45,65,100,120,90,1,
122,Mr. Mime,魔墙人偶,魔牆人偶,バリヤード,Galarian Mr. Mime,Ice,Psychic,460,50,65,65,90,90,100,1,
123,Scyther,飞天螳螂,飛天螳螂,ストライク,,Bug,Flying,500,70,110,80,55,80,105,1,
124,Jynx,迷唇姐,迷唇姐,ルージュラ,,Ice,Psychic,455,65,50,35,115,95,95,1,
125,Electabuzz,电击兽,電擊獸,エレブー,,Electric,,490,65,83,57,95,85,105,1,
126,Magmar,鸭嘴火兽,鴨嘴火獸,ブーバー,,Fire,,495,65,95,57,100,85,93,1,
127,Pinsir,凯罗斯,凱羅斯,カイロス,,Bug,,500,65,125,100,55,70,85,1,
127,Pinsir,凯罗斯,凱羅斯,カイロス,Mega Pinsir,Bug,Flying,600,65,155,120,65,90,105,1,
128,Tauros,肯泰罗,肯泰羅,ケンタロス,,Normal,,490,75,100,95,40,70,110,1,
128,Tauros,肯泰罗,肯泰羅,ケンタロス,Combat Breed,Fighting,,490,75,110,105,30,70,100,1,
128,Tauros,肯泰罗,肯泰羅,ケンタロス,Blaze Breed,Fighting,Fire,490,75,110,105,30,70,100,1,
128,Tauros,肯泰罗,肯泰羅,ケンタロス,Aqua Breed,Fighting,Water,490,75,110,105,30,70,100,1,
129,Magikarp,鲤鱼王,鯉魚王,コイキング,,Water,,200,20,10,55,15,20,80,1,
130,Gyarados,暴鲤龙,暴鯉龍,ギャラドス,,Water,Flying,540,95,125,79,60,100,81,1,
130,Gyarados,暴鲤龙,暴鯉龍,ギャラドス,Mega Gyarados,Water,Dark,640,95,155,109,70,130,81,1,
131,Lapras,拉普拉斯,拉普拉斯,ラプラス,,Water,Ice,535,130,85,80,85,95,60,1,
132,Ditto,百变怪,百變怪,メタモン,,Normal,,288,48,48,48,48,48,48,1,
133,Eevee,伊布,伊布,イーブイ,,Normal,,325,55,55,50,45,65,55,1,
133,Eevee,伊布,伊布,イーブイ,Partner Eevee,Normal,,435,65,75,70,65,85,75,1,
134,Vaporeon,水伊布,水伊布,シャワーズ,,Water,,525,130,65,60,110,95,65,1,
135,Jolteon,雷伊布,雷伊布,サンダース,,Electric,,525,65,65,60,110,95,130,1,
136,Flareon,火伊布,火伊布,ブースター,,Fire,,525,65,130,60,95,110,65,1,
137,Porygon,多边兽,多邊獸,ポリゴン,,Normal,,395,65,60,70,85,75,40,1,
138,Omanyte,菊石兽,菊石獸,オムナイト,,Rock,Water,355,35,40,100,90,55,35,1,
139,Omastar,多刺菊石兽,多刺菊石獸,オムスター,,Rock,Water,495,70,60,125,115,70,55,1,
140,Kabuto,化石盔,化石盔,カブト,,Rock,Water,355,30,80,90,55,45,55,1,
141,Kabutops,镰刀盔,鐮刀盔,カブトプス,,Rock,Water,495,60,115,105,65,70,80,1,
142,Aerodactyl,化石翼龙,化石翼龍,プテラ,,Rock,Flying,515,80,105,65,60,75,130,1,
142,Aerodactyl,化石翼龙,化石翼龍,プテラ,Mega Aerodactyl,Rock,Flying,615,80,135,85,70,95,150,1,
143,Snorlax,卡比兽,卡比獸,カビゴン,,Normal,,540,160,110,65,65,110,30,1,
144,Articuno,急冻鸟,急凍鳥,フリーザー,,Ice,Flying,580,90,85,100,95,125,85,1,
144,Articuno,急冻鸟,急凍鳥,フリーザー,Galarian Articuno,Psychic,Flying,580,90,85,85,125,100,95,1,
145,Zapdos,闪电鸟,閃電鳥,サンダー,,Electric,Flying,580,90,90,85,125,90,100,1,
145,Zapdos,闪电鸟,閃電鳥,サンダー,Galarian Zapdos,Fighting,Flying,580,90,125,90,85,90,100,1,
146,Moltres,火焰鸟,火焰鳥,ファイヤー,,Fire,Flying,580,90,100,90,125,85,90,1,
146,Moltres,火焰鸟,火焰鳥,ファイヤー,Galarian Moltres,Dark,Flying,580,90,85,90,100,125,90,1,
147,Dratini,迷你龙,迷你龍,ミニリュウ,,Dragon,,300,41,64,45,50,50,50,1,
148,Dragonair,哈克龙,哈克龍,ハクリュー,,Dragon,,420,61,84,65,70,70,70,1,
149,Dragonite,快龙,快龍,カイリュー,,Dragon,Flying,600,91,134,95,100,100,80,1,
150,Mewtwo,超梦,超夢,ミュウツー,,Psychic,,680,106,110,90,154,90,130,1,
150,Mewtwo,超梦,超夢,ミュウツー,Mega Mewtwo X,Psychic,Fighting,780,106,190,100,154,100,130,1,
150,Mewtwo,超梦,超夢,ミュウツー,Mega Mewtwo Y,Psychic,,780,106,150,70,194,120,140,1,
151,Mew,梦幻,夢幻,ミュウ,,Psychic,,600,100,100,100,100,100,100,1,
152,Chikorita,菊草叶,菊草葉,チコリータ,,Grass,,318,45,49,65,49,65,45,2,
153,Bayleef,月桂叶,月桂葉,ベイリーフ,,Grass,,405,60,62,80,63,80,60,2,
154,Meganium,大竺葵,大竺葵,メガニウム,,Grass,,525,80,82,100,83,100,80,2,
155,Cyndaquil,火球鼠,火球鼠,ヒノアラシ,,Fire,,309,39,52,43,60,50,65,2,
156,Quilava,火岩鼠,火岩鼠,マグマラシ,,Fire,,405,58,64,58,80,65,80,2,
157,Typhlosion,火爆兽,火爆獸,バクフーン,,Fire,,534,78,84,78,109,85,100,2,
157,Typhlosion,火暴兽,火爆獸,バクフーン,Hisuian Typhlosion,Fire,Ghost,534,73,84,78,119,85,95,2,
158,Totodile,小锯鳄,小鋸鱷,ワニノコ,,Water,,314,50,65,64,44,48,43,2,
159,Croconaw,蓝鳄,藍鱷,アリゲイツ,,Water,,405,65,80,80,59,63,58,2,
160,Feraligatr,大力鳄,大力鱷,オーダイル,,Water,,530,85,105,100,79,83,78,2,
161,Sentret,尾立,尾立,オタチ,,Normal,,215,35,46,34,35,45,20,2,
162,Furret,大尾立,大尾立,オオタチ,,Normal,,415,85,76,64,45,55,90,2,
163,Hoothoot,咕咕,咕咕,ホーホー,,Normal,Flying,262,60,30,30,36,56,50,2,
164,Noctowl,猫头夜鹰,貓頭夜鷹,ヨルノズク,,Normal,Flying,452,100,50,50,86,96,70,2,
165,Ledyba,芭瓢虫,芭瓢蟲,レディバ,,Bug,Flying,265,40,20,30,40,80,55,2,
166,Ledian,安瓢虫,安瓢蟲,レディアン,,Bug,Flying,390,55,35,50,55,110,85,2,
167,Spinarak,圆丝蛛,圓絲蛛,イトマル,,Bug,Poison,250,40,60,40,40,40,30,2,
168,Ariados,阿利多斯,阿利多斯,アリアドス,,Bug,Poison,400,70,90,70,60,70,40,2,
169,Crobat,叉字蝠,叉字蝠,クロバット,,Poison,Flying,535,85,90,80,70,80,130,2,
170,Chinchou,灯笼鱼,燈籠魚,チョンチー,,Water,Electric,330,75,38,38,56,56,67,2,
171,Lanturn,电灯怪,電燈怪,ランターン,,Water,Electric,460,125,58,58,76,76,67,2,
172,Pichu,皮丘,皮丘,ピチュー,,Electric,,205,20,40,15,35,35,60,2,
173,Cleffa,皮宝宝,皮寶寶,ピィ,,Fairy,,218,50,25,28,45,55,15,2,
174,Igglybuff,宝宝丁,寶寶丁,ププリン,,Normal,Fairy,210,90,30,15,40,20,15,2,
175,Togepi,波克比,波克比,トゲピー,,Fairy,,245,35,20,65,40,65,20,2,
176,Togetic,波克基古,波克基古,トゲチック,,Fairy,Flying,405,55,40,85,80,105,40,2,
177,Natu,天然雀,天然雀,ネイティ,,Psychic,Flying,320,40,50,45,70,45,70,2,
178,Xatu,天然鸟,天然鳥,ネイティオ,,Psychic,Flying,470,65,75,70,95,70,95,2,
179,Mareep,咩利羊,咩利羊,メリープ,,Electric,,280,55,40,40,65,45,35,2,
180,Flaaffy,茸茸羊,茸茸羊,モココ,,Electric,,365,70,55,55,80,60,45,2,
181,Ampharos,电龙,電龍,デンリュウ,,Electric,,510,90,75,85,115,90,55,2,
181,Ampharos,电龙,電龍,デンリュウ,Mega Ampharos,Electric,Dragon,610,90,95,105,165,110,45,2,
182,Bellossom,美丽花,美麗花,キレイハナ,,Grass,,490,75,80,95,90,100,50,2,
183,Marill,玛力露,瑪力露,マリル,,Water,Fairy,250,70,20,50,20,50,40,2,
184,Azumarill,玛力露丽,瑪力露麗,マリルリ,,Water,Fairy,420,100,50,80,60,80,50,2,
185,Sudowoodo,树才怪,樹才怪,ウソッキー,,Rock,,410,70,100,115,30,65,30,2,
186,Politoed,蚊香蛙皇,蚊香蛙皇,ニョロトノ,,Water,,500,90,75,75,90,100,70,2,
187,Hoppip,毽子草,毽子草,ハネッコ,,Grass,Flying,250,35,35,40,35,55,50,2,
188,Skiploom,毽子花,毽子花,ポポッコ,,Grass,Flying,340,55,45,50,45,65,80,2,
189,Jumpluff,毽子棉,毽子棉,ワタッコ,,Grass,Flying,460,75,55,70,55,95,110,2,
190,Aipom,长尾挖掘机,長尾怪手,エイパム,,Normal,,360,55,70,55,40,55,85,2,
191,Sunkern,向日种子,向日種子,ヒマナッツ,,Grass,,180,30,30,30,30,30,30,2,
192,Sunflora,向日花怪,向日花怪,キマワリ,,Grass,,425,75,75,55,105,85,30,2,
193,Yanma,蜻蜻蜓,蜻蜻蜓,ヤンヤンマ,,Bug,Flying,390,65,65,45,75,45,95,2,
194,Wooper,乌波,烏波,ウパー,,Water,Ground,210,55,45,45,25,25,15,2,
194,Wooper,乌波,烏波,ウパー,Paldean Wooper,Poison,Ground,210,55,45,45,25,25,15,2,
195,Quagsire,沼王,沼王,ヌオー,,Water,Ground,430,95,85,85,65,65,35,2,
196,Espeon,太阳伊布,太陽伊布,エーフィ,,Psychic,,525,65,65,60,130,95,110,2,
197,Umbreon,月亮伊布,月亮伊布,ブラッキー,,Dark,,525,95,65,110,60,130,65,2,
198,Murkrow,黑暗鸦,黑暗鴉,ヤミカラス,,Dark,Flying,405,60,85,42,85,42,91,2,
199,Slowking,呆呆王,呆呆王,ヤドキング,,Water,Psychic,490,95,75,80,100,110,30,2,
199,Slowking,呆呆王,呆呆王,ヤドキング,Galarian Slowking,Poison,Psychic,490,95,65,80,110,110,30,2,
200,Misdreavus,梦妖,夢妖,ムウマ,,Ghost,,435,60,60,60,85,85,85,2,
201,Unown,未知图腾,未知圖騰,アンノーン,,Psychic,,336,48,72,48,72,48,48,2,
202,Wobbuffet,果然翁,果然翁,ソーナンス,,Psychic,,405,190,33,58,33,58,33,2,
203,Girafarig,麒麟奇,麒麟奇,キリンリキ,,Normal,Psychic,455,70,80,65,90,65,85,2,
204,Pineco,榛果球,榛果球,クヌギダマ,,Bug,,290,50,65,90,35,35,15,2,
205,Forretress,佛烈托斯,佛烈托斯,フォレトス,,Bug,Steel,465,75,90,140,60,60,40,2,
206,Dunsparce,土龙弟弟,土龍弟弟,ノコッチ,,Normal,,415,100,70,70,65,65,45,2,
207,Gligar,天蝎,天蠍,グライガー,,Ground,Flying,430,65,75,105,35,65,85,2,
208,Steelix,大钢蛇,大鋼蛇,ハガネール,,Steel,Ground,510,75,85,200,55,65,30,2,
208,Steelix,大钢蛇,大鋼蛇,ハガネール,Mega Steelix,Steel,Ground,610,75,125,230,55,95,30,2,
209,Snubbull,布鲁,布魯,ブルー,,Fairy,,300,60,80,50,40,40,30,2,
210,Granbull,布鲁皇,布魯皇,グランブル,,Fairy,,450,90,120,75,60,60,45,2,
211,Qwilfish,千针鱼,千針魚,ハリーセン,,Water,Poison,440,65,95,85,55,55,85,2,
211,Qwilfish,千针鱼,千針魚,ハリーセン,Hisuian Qwilfish,Dark,Poison,440,65,95,85,55,55,85,2,
212,Scizor,巨钳螳螂,巨鉗螳螂,ハッサム,,Bug,Steel,500,70,130,100,55,80,65,2,
212,Scizor,巨钳螳螂,巨鉗螳螂,ハッサム,Mega Scizor,Bug,Steel,600,70,150,140,65,100,75,2,
213,Shuckle,壶壶,壺壺,ツボツボ,,Bug,Rock,505,20,10,230,10,230,5,2,
214,Heracross,赫拉克罗斯,赫拉克羅斯,ヘラクロス,,Bug,Fighting,500,80,125,75,40,95,85,2,
214,Heracross,赫拉克罗斯,赫拉克羅斯,ヘラクロス,Mega Heracross,Bug,Fighting,600,80,185,115,40,105,75,2,
215,Sneasel,狃拉,狃拉,ニューラ,,Dark,Ice,430,55,95,55,35,75,115,2,
215,Sneasel,狃拉,狃拉,ニューラ,Hisuian Sneasel,Fighting,Poison,430,55,95,55,35,75,115,2,
216,Teddiursa,熊宝宝,熊寶寶,ヒメグマ,,Normal,,330,60,80,50,50,50,40,2,
217,Ursaring,圈圈熊,圈圈熊,リングマ,,Normal,,500,90,130,75,75,75,55,2,
218,Slugma,熔岩虫,熔岩蟲,マグマッグ,,Fire,,250,40,40,40,70,40,20,2,
219,Magcargo,熔岩蜗牛,熔岩蝸牛,マグカルゴ,,Fire,Rock,430,60,50,120,90,80,30,2,
220,Swinub,小山猪,小山豬,ウリムー,,Ice,Ground,250,50,50,40,30,30,50,2,
221,Piloswine,长毛猪,長毛豬,イノムー,,Ice,Ground,450,100,100,80,60,60,50,2,
222,Corsola,太阳珊瑚,太陽珊瑚,サニーゴ,,Water,Rock,410,65,55,95,65,95,35,2,
222,Corsola,太阳珊瑚,太陽珊瑚,サニーゴ,Galarian Corsola,Ghost,,410,60,55,100,65,100,30,2,
223,Remoraid,铁炮鱼,鐵炮魚,テッポウオ,,Water,,300,35,65,35,65,35,65,2,
224,Octillery,章鱼桶,章魚桶,オクタン,,Water,,480,75,105,75,105,75,45,2,
225,Delibird,信使鸟,信使鳥,デリバード,,Ice,Flying,330,45,55,45,65,45,75,2,
226,Mantine,巨翅飞鱼,巨翅飛魚,マンタイン,,Water,Flying,485,85,40,70,80,140,70,2,
227,Skarmory,盔甲鸟,盔甲鳥,エアームド,,Steel,Flying,465,65,80,140,40,70,70,2,
228,Houndour,戴鲁比,戴魯比,デルビル,,Dark,Fire,330,45,60,30,80,50,65,2,
229,Houndoom,黑鲁加,黑魯加,ヘルガー,,Dark,Fire,500,75,90,50,110,80,95,2,
229,Houndoom,黑鲁加,黑魯加,ヘルガー,Mega Houndoom,Dark,Fire,600,75,90,90,140,90,115,2,
230,Kingdra,刺龙王,刺龍王,キングドラ,,Water,Dragon,540,75,95,95,95,95,85,2,
231,Phanpy,小小象,小小象,ゴマゾウ,,Ground,,330,90,60,60,40,40,40,2,
232,Donphan,顿甲,頓甲,ドンファン,,Ground,,500,90,120,120,60,60,50,2,
233,Porygon2,多边兽Ⅱ,多邊獸Ⅱ,ポリゴン２,,Normal,,515,85,80,90,105,95,60,2,
234,Stantler,惊角鹿,驚角鹿,オドシシ,,Normal,,465,73,95,62,85,65,85,2,
235,Smeargle,图图犬,圖圖犬,ドーブル,,Normal,,250,55,20,35,20,45,75,2,
236,Tyrogue,无畏小子,無畏小子,バルキー,,Fighting,,210,35,35,35,35,35,35,2,
237,Hitmontop,战舞郎,戰舞郎,カポエラー,,Fighting,,455,50,95,95,35,110,70,2,
238,Smoochum,迷唇娃,迷唇娃,ムチュール,,Ice,Psychic,305,45,30,15,85,65,65,2,
239,Elekid,电击怪,電擊怪,エレキッド,,Electric,,360,45,63,37,65,55,95,2,
240,Magby,鸭嘴宝宝,鴨嘴寶寶,ブビィ,,Fire,,365,45,75,37,70,55,83,2,
241,Miltank,大奶罐,大奶罐,ミルタンク,,Normal,,490,95,80,105,40,70,100,2,
242,Blissey,幸福蛋,幸福蛋,ハピナス,,Normal,,540,255,10,10,75,135,55,2,
243,Raikou,雷公,雷公,ライコウ,,Electric,,580,90,85,75,115,100,115,2,
244,Entei,炎帝,炎帝,エンテイ,,Fire,,580,115,115,85,90,75,100,2,
245,Suicune,水君,水君,スイクン,,Water,,580,100,75,115,90,115,85,2,
246,Larvitar,幼基拉斯,幼基拉斯,ヨーギラス,,Rock,Ground,300,50,64,50,45,50,41,2,
247,Pupitar,沙基拉斯,沙基拉斯,サナギラス,,Rock,Ground,410,70,84,70,65,70,51,2,
248,Tyranitar,班吉拉斯,班基拉斯,バンギラス,,Rock,Dark,600,100,134,110,95,100,61,2,
248,Tyranitar,班基拉斯,班基拉斯,バンギラス,Mega Tyranitar,Rock,Dark,700,100,164,150,95,120,71,2,
249,Lugia,洛奇亚,洛奇亞,ルギア,,Psychic,Flying,680,106,90,130,90,154,110,2,
250,Ho-oh,凤王,鳳王,ホウオウ,,Fire,Flying,680,106,130,90,110,154,90,2,
251,Celebi,时拉比,時拉比,セレビィ,,Psychic,Grass,600,100,100,100,100,100,100,2,
252,Treecko,木守宫,木守宮,キモリ,,Grass,,310,40,45,35,65,55,70,3,
253,Grovyle,森林蜥蜴,森林蜥蜴,ジュプトル,,Grass,,405,50,65,45,85,65,95,3,
254,Sceptile,蜥蜴王,蜥蜴王,ジュカイン,,Grass,,530,70,85,65,105,85,120,3,
254,Sceptile,蜥蜴王,蜥蜴王,ジュカイン,Mega Sceptile,Grass,Dragon,630,70,110,75,145,85,145,3,
255,Torchic,火稚鸡,火稚雞,アチャモ,,Fire,,310,45,60,40,70,50,45,3,
256,Combusken,力壮鸡,力壯雞,ワカシャモ,,Fire,Fighting,405,60,85,60,85,60,55,3,
257,Blaziken,火焰鸡,火焰雞,バシャーモ,,Fire,Fighting,530,80,120,70,110,70,80,3,
257,Blaziken,火焰鸡,火焰雞,バシャーモ,Mega Blaziken,Fire,Fighting,630,80,160,80,130,80,100,3,
258,Mudkip,水跃鱼,水躍魚,ミズゴロウ,,Water,,310,50,70,50,50,50,40,3,
259,Marshtomp,沼跃鱼,沼躍魚,ヌマクロー,,Water,Ground,405,70,85,70,60,70,50,3,
260,Swampert,巨沼怪,巨沼怪,ラグラージ,,Water,Ground,535,100,110,90,85,90,60,3,
260,Swampert,巨沼怪,巨沼怪,ラグラージ,Mega Swampert,Water,Ground,635,100,150,110,95,110,70,3,
261,Poochyena,土狼犬,土狼犬,ポチエナ,,Dark,,220,35,55,35,30,30,35,3,
262,Mightyena,大狼犬,大狼犬,グラエナ,,Dark,,420,70,90,70,60,60,70,3,
263,Zigzagoon,蛇纹熊,蛇紋熊,ジグザグマ,,Normal,,240,38,30,41,30,41,60,3,
263,Zigzagoon,蛇纹熊,蛇紋熊,ジグザグマ,Galarian Zigzagoon,Dark,Normal,240,38,30,41,30,41,60,3,
264,Linoone,直冲熊,直衝熊,マッスグマ,,Normal,,420,78,70,61,50,61,100,3,
264,Linoone,直冲熊,直衝熊,マッスグマ,Galarian Linoone,Dark,Normal,420,78,70,61,50,61,100,3,
265,Wurmple,刺尾虫,刺尾蟲,ケムッソ,,Bug,,195,45,45,35,20,30,20,3,
266,Silcoon,甲壳茧,甲殼繭,カラサリス,,Bug,,205,50,35,55,25,25,15,3,
267,Beautifly,狩猎凤蝶,狩獵鳳蝶,アゲハント,,Bug,Flying,395,60,70,50,100,50,65,3,
268,Cascoon,盾甲茧,盾甲繭,マユルド,,Bug,,205,50,35,55,25,25,15,3,
269,Dustox,毒粉蛾,毒粉蛾,ドクケイル,,Bug,Poison,385,60,50,70,50,90,65,3,
270,Lotad,莲叶童子,蓮葉童子,ハスボー,,Water,Grass,220,40,30,30,40,50,30,3,
271,Lombre,莲帽小童,蓮帽小童,ハスブレロ,,Water,Grass,340,60,50,50,60,70,50,3,
272,Ludicolo,乐天河童,樂天河童,ルンパッパ,,Water,Grass,480,80,70,70,90,100,70,3,
273,Seedot,橡实果,橡實果,タネボー,,Grass,,220,40,40,50,30,30,30,3,
274,Nuzleaf,长鼻叶,長鼻葉,コノハナ,,Grass,Dark,340,70,70,40,60,40,60,3,
275,Shiftry,狡猾天狗,狡猾天狗,ダーテング,,Grass,Dark,480,90,100,60,90,60,80,3,
276,Taillow,傲骨燕,傲骨燕,スバメ,,Normal,Flying,270,40,55,30,30,30,85,3,
277,Swellow,大王燕,大王燕,オオスバメ,,Normal,Flying,455,60,85,60,75,50,125,3,
278,Wingull,长翅鸥,長翅鷗,キャモメ,,Water,Flying,270,40,30,30,55,30,85,3,
279,Pelipper,大嘴鸥,大嘴鷗,ペリッパー,,Water,Flying,440,60,50,100,95,70,65,3,
280,Ralts,拉鲁拉丝,拉魯拉絲,ラルトス,,Psychic,Fairy,198,28,25,25,45,35,40,3,
281,Kirlia,奇鲁莉安,奇魯莉安,キルリア,,Psychic,Fairy,278,38,35,35,65,55,50,3,
282,Gardevoir,沙奈朵,沙奈朵,サーナイト,,Psychic,Fairy,518,68,65,65,125,115,80,3,
282,Gardevoir,沙奈朵,沙奈朵,サーナイト,Mega Gardevoir,Psychic,Fairy,618,68,85,65,165,135,100,3,
283,Surskit,溜溜糖球,溜溜糖球,アメタマ,,Bug,Water,269,40,30,32,50,52,65,3,
284,Masquerain,雨翅蛾,雨翅蛾,アメモース,,Bug,Flying,454,70,60,62,100,82,80,3,
285,Shroomish,蘑蘑菇,蘑蘑菇,キノココ,,Grass,,295,60,40,60,40,60,35,3,
286,Breloom,斗笠菇,斗笠菇,キノガッサ,,Grass,Fighting,460,60,130,80,60,60,70,3,
287,Slakoth,懒人獭,懶人獺,ナマケロ,,Normal,,280,60,60,60,35,35,30,3,
288,Vigoroth,过动猿,過動猿,ヤルキモノ,,Normal,,440,80,80,80,55,55,90,3,
289,Slaking,请假王,請假王,ケッキング,,Normal,,670,150,160,100,95,65,100,3,
290,Nincada,土居忍士,土居忍士,ツチニン,,Bug,Ground,266,31,45,90,30,30,40,3,
291,Ninjask,铁面忍者,鐵面忍者,テッカニン,,Bug,Flying,456,61,90,45,50,50,160,3,
292,Shedinja,脱壳忍者,脫殼忍者,ヌケニン,,Bug,Ghost,236,1,90,45,30,30,40,3,
293,Whismur,咕妞妞,咕妞妞,ゴニョニョ,,Normal,,240,64,51,23,51,23,28,3,
294,Loudred,吼爆弹,吼爆彈,ドゴーム,,Normal,,360,84,71,43,71,43,48,3,
295,Exploud,爆音怪,爆音怪,バクオング,,Normal,,490,104,91,63,91,73,68,3,
296,Makuhita,幕下力士,幕下力士,マクノシタ,,Fighting,,237,72,60,30,20,30,25,3,
297,Hariyama,铁掌力士,鐵掌力士,ハリテヤマ,,Fighting,,474,144,120,60,40,60,50,3,
298,Azurill,露力丽,露力麗,ルリリ,,Normal,Fairy,190,50,20,40,20,40,20,3,
299,Nosepass,朝北鼻,朝北鼻,ノズパス,,Rock,,375,30,45,135,45,90,30,3,
300,Skitty,向尾喵,向尾喵,エネコ,,Normal,,260,50,45,45,35,35,50,3,
301,Delcatty,优雅猫,優雅貓,エネコロロ,,Normal,,400,70,65,65,55,55,90,3,
302,Sableye,勾魂眼,勾魂眼,ヤミラミ,,Dark,Ghost,380,50,75,75,65,65,50,3,
302,Sableye,勾魂眼,勾魂眼,ヤミラミ,Mega Sableye,Dark,Ghost,480,50,85,125,85,115,20,3,
303,Mawile,大嘴娃,大嘴娃,クチート,,Steel,Fairy,380,50,85,85,55,55,50,3,
303,Mawile,大嘴娃,大嘴娃,クチート,Mega Mawile,Steel,Fairy,480,50,105,125,55,95,50,3,
304,Aron,可可多拉,可可多拉,ココドラ,,Steel,Rock,330,50,70,100,40,40,30,3,
305,Lairon,可多拉,可多拉,コドラ,,Steel,Rock,430,60,90,140,50,50,40,3,
306,Aggron,波士可多拉,波士可多拉,ボスゴドラ,,Steel,Rock,530,70,110,180,60,60,50,3,
306,Aggron,波士可多拉,波士可多拉,ボスゴドラ,Mega Aggron,Steel,,630,70,140,230,60,80,50,3,
307,Meditite,玛萨那,瑪沙那,アサナン,,Fighting,Psychic,280,30,40,55,40,55,60,3,
308,Medicham,恰雷姆,恰雷姆,チャーレム,,Fighting,Psychic,410,60,60,75,60,75,80,3,
308,Medicham,恰雷姆,恰雷姆,チャーレム,Mega Medicham,Fighting,Psychic,510,60,100,85,80,85,100,3,
309,Electrike,落雷兽,落雷獸,ラクライ,,Electric,,295,40,45,40,65,40,65,3,
310,Manectric,雷电兽,雷電獸,ライボルト,,Electric,,475,70,75,60,105,60,105,3,
310,Manectric,雷电兽,雷電獸,ライボルト,Mega Manectric,Electric,,575,70,75,80,135,80,135,3,
311,Plusle,正电拍拍,正電拍拍,プラスル,,Electric,,405,60,50,40,85,75,95,3,
312,Minun,负电拍拍,負電拍拍,マイナン,,Electric,,405,60,40,50,75,85,95,3,
313,Volbeat,电萤虫,電螢蟲,バルビート,,Bug,,430,65,73,75,47,85,85,3,
314,Illumise,甜甜萤,甜甜螢,イルミーゼ,,Bug,,430,65,47,75,73,85,85,3,
315,Roselia,毒蔷薇,毒薔薇,ロゼリア,,Grass,Poison,400,50,60,45,100,80,65,3,
316,Gulpin,溶食兽,溶食獸,ゴクリン,,Poison,,302,70,43,53,43,53,40,3,
317,Swalot,吞食兽,吞食獸,マルノーム,,Poison,,467,100,73,83,73,83,55,3,
318,Carvanha,利牙鱼,利牙魚,キバニア,,Water,Dark,305,45,90,20,65,20,65,3,
319,Sharpedo,巨牙鲨,巨牙鯊,サメハダー,,Water,Dark,460,70,120,40,95,40,95,3,
319,Sharpedo,巨牙鲨,巨牙鯊,サメハダー,Mega Sharpedo,Water,Dark,560,70,140,70,110,65,105,3,
320,Wailmer,吼吼鲸,吼吼鯨,ホエルコ,,Water,,400,130,70,35,70,35,60,3,
321,Wailord,吼鲸王,吼鯨王,ホエルオー,,Water,,500,170,90,45,90,45,60,3,
322,Numel,呆火驼,呆火駝,ドンメル,,Fire,Ground,305,60,60,40,65,45,35,3,
323,Camerupt,喷火驼,噴火駝,バクーダ,,Fire,Ground,460,70,100,70,105,75,40,3,
323,Camerupt,喷火驼,噴火駝,バクーダ,Mega Camerupt,Fire,Ground,560,70,120,100,145,105,20,3,
324,Torkoal,煤炭龟,煤炭龜,コータス,,Fire,,470,70,85,140,85,70,20,3,
325,Spoink,跳跳猪,跳跳豬,バネブー,,Psychic,,330,60,25,35,70,80,60,3,
326,Grumpig,噗噗猪,噗噗豬,ブーピッグ,,Psychic,,470,80,45,65,90,110,80,3,
327,Spinda,晃晃斑,晃晃斑,パッチール,,Normal,,360,60,60,60,60,60,60,3,
328,Trapinch,大颚蚁,大顎蟻,ナックラー,,Ground,,290,45,100,45,45,45,10,3,
329,Vibrava,超音波幼虫,超音波幼蟲,ビブラーバ,,Ground,Dragon,340,50,70,50,50,50,70,3,
330,Flygon,沙漠蜻蜓,沙漠蜻蜓,フライゴン,,Ground,Dragon,520,80,100,80,80,80,100,3,
331,Cacnea,刺球仙人掌,刺球仙人掌,サボネア,,Grass,,335,50,85,40,85,40,35,3,
332,Cacturne,梦歌仙人掌,夢歌仙人掌,ノクタス,,Grass,Dark,475,70,115,60,115,60,55,3,
333,Swablu,青绵鸟,青綿鳥,チルット,,Normal,Flying,310,45,40,60,40,75,50,3,
334,Altaria,七夕青鸟,七夕青鳥,チルタリス,,Dragon,Flying,490,75,70,90,70,105,80,3,
334,Altaria,七夕青鸟,七夕青鳥,チルタリス,Mega Altaria,Dragon,Fairy,590,75,110,110,110,105,80,3,
335,Zangoose,猫鼬斩,貓鼬斬,ザングース,,Normal,,458,73,115,60,60,60,90,3,
336,Seviper,饭匙蛇,飯匙蛇,ハブネーク,,Poison,,458,73,100,60,100,60,65,3,
337,Lunatone,月石,月石,ルナトーン,,Rock,Psychic,460,90,55,65,95,85,70,3,
338,Solrock,太阳岩,太陽岩,ソルロック,,Rock,Psychic,460,90,95,85,55,65,70,3,
339,Barboach,泥泥鳅,泥泥鰍,ドジョッチ,,Water,Ground,288,50,48,43,46,41,60,3,
340,Whiscash,鲶鱼王,鯰魚王,ナマズン,,Water,Ground,468,110,78,73,76,71,60,3,
341,Corphish,龙虾小兵,龍蝦小兵,ヘイガニ,,Water,,308,43,80,65,50,35,35,3,
342,Crawdaunt,铁螯龙虾,鐵螯龍蝦,シザリガー,,Water,Dark,468,63,120,85,90,55,55,3,
343,Baltoy,天秤偶,天秤偶,ヤジロン,,Ground,Psychic,300,40,40,55,40,70,55,3,
344,Claydol,念力土偶,念力土偶,ネンドール,,Ground,Psychic,500,60,70,105,70,120,75,3,
345,Lileep,触手百合,觸手百合,リリーラ,,Rock,Grass,355,66,41,77,61,87,23,3,
346,Cradily,摇篮百合,搖籃百合,ユレイドル,,Rock,Grass,495,86,81,97,81,107,43,3,
347,Anorith,太古羽虫,太古羽蟲,アノプス,,Rock,Bug,355,45,95,50,40,50,75,3,
348,Armaldo,太古盔甲,太古盔甲,アーマルド,,Rock,Bug,495,75,125,100,70,80,45,3,
349,Feebas,丑丑鱼,醜醜魚,ヒンバス,,Water,,200,20,15,20,10,55,80,3,
350,Milotic,美纳斯,美納斯,ミロカロス,,Water,,540,95,60,79,100,125,81,3,
351,Castform,飘浮泡泡,飄浮泡泡,ポワルン,,Normal,,420,70,70,70,70,70,70,3,
351,Castform,飘浮泡泡,飄浮泡泡,ポワルン,Sunny Form,Fire,,420,70,70,70,70,70,70,3,
351,Castform,飘浮泡泡,飄浮泡泡,ポワルン,Rainy Form,Water,,420,70,70,70,70,70,70,3,
351,Castform,飘浮泡泡,飄浮泡泡,ポワルン,Snowy Form,Ice,,420,70,70,70,70,70,70,3,
352,Kecleon,变隐龙,變隱龍,カクレオン,,Normal,,440,60,90,70,60,120,40,3,
353,Shuppet,怨影娃娃,怨影娃娃,カゲボウズ,,Ghost,,295,44,75,35,63,33,45,3,
354,Banette,诅咒娃娃,詛咒娃娃,ジュペッタ,,Ghost,,455,64,115,65,83,63,65,3,
354,Banette,诅咒娃娃,詛咒娃娃,ジュペッタ,Mega Banette,Ghost,,555,64,165,75,93,83,75,3,
355,Duskull,夜巡灵,夜巡靈,ヨマワル,,Ghost,,295,20,40,90,30,90,25,3,
356,Dusclops,彷徨夜灵,彷徨夜靈,サマヨール,,Ghost,,455,40,70,130,60,130,25,3,
357,Tropius,热带龙,熱帶龍,トロピウス,,Grass,Flying,460,99,68,83,72,87,51,3,
358,Chimecho,风铃铃,風鈴鈴,チリーン,,Psychic,,455,75,50,80,95,90,65,3,
359,Absol,阿勃梭鲁,阿勃梭魯,アブソル,,Dark,,465,65,130,60,75,60,75,3,
359,Absol,阿勃梭鲁,阿勃梭魯,アブソル,Mega Absol,Dark,,565,65,150,60,115,60,115,3,
360,Wynaut,小果然,小果然,ソーナノ,,Psychic,,260,95,23,48,23,48,23,3,
361,Snorunt,雪童子,雪童子,ユキワラシ,,Ice,,300,50,50,50,50,50,50,3,
362,Glalie,冰鬼护,冰鬼護,オニゴーリ,,Ice,,480,80,80,80,80,80,80,3,
362,Glalie,冰鬼护,冰鬼護,オニゴーリ,Mega Glalie,Ice,,580,80,120,80,120,80,100,3,
363,Spheal,海豹球,海豹球,タマザラシ,,Ice,Water,290,70,40,50,55,50,25,3,
364,Sealeo,海魔狮,海魔獅,トドグラー,,Ice,Water,410,90,60,70,75,70,45,3,
365,Walrein,帝牙海狮,帝牙海獅,トドゼルガ,,Ice,Water,530,110,80,90,95,90,65,3,
366,Clamperl,珍珠贝,珍珠貝,パールル,,Water,,345,35,64,85,74,55,32,3,
367,Huntail,猎斑鱼,獵斑魚,ハンテール,,Water,,485,55,104,105,94,75,52,3,
368,Gorebyss,樱花鱼,櫻花魚,サクラビス,,Water,,485,55,84,105,114,75,52,3,
369,Relicanth,古空棘鱼,古空棘魚,ジーランス,,Water,Rock,485,100,90,130,45,65,55,3,
370,Luvdisc,爱心鱼,愛心魚,ラブカス,,Water,,330,43,30,55,40,65,97,3,
371,Bagon,宝贝龙,寶貝龍,タツベイ,,Dragon,,300,45,75,60,40,30,50,3,
372,Shelgon,甲壳龙,甲殼龍,コモルー,,Dragon,,420,65,95,100,60,50,50,3,
373,Salamence,暴飞龙,暴飛龍,ボーマンダ,,Dragon,Flying,600,95,135,80,110,80,100,3,
373,Salamence,暴飞龙,暴飛龍,ボーマンダ,Mega Salamence,Dragon,Flying,700,95,145,130,120,90,120,3,
374,Beldum,铁哑铃,鐵啞鈴,ダンバル,,Steel,Psychic,300,40,55,80,35,60,30,3,
375,Metang,金属怪,金屬怪,メタング,,Steel,Psychic,420,60,75,100,55,80,50,3,
376,Metagross,巨金怪,巨金怪,メタグロス,,Steel,Psychic,600,80,135,130,95,90,70,3,
376,Metagross,巨金怪,巨金怪,メタグロス,Mega Metagross,Steel,Psychic,700,80,145,150,105,110,110,3,
377,Regirock,雷吉洛克,雷吉洛克,レジロック,,Rock,,580,80,100,200,50,100,50,3,
378,Regice,雷吉艾斯,雷吉艾斯,レジアイス,,Ice,,580,80,50,100,100,200,50,3,
379,Registeel,雷吉斯奇鲁,雷吉斯奇魯,レジスチル,,Steel,,580,80,75,150,75,150,50,3,
380,Latias,拉帝亚斯,拉帝亞斯,ラティアス,,Dragon,Psychic,600,80,80,90,110,130,110,3,
380,Latias,拉帝亚斯,拉帝亞斯,ラティアス,Mega Latias,Dragon,Psychic,700,80,100,120,140,150,110,3,
381,Latios,拉帝欧斯,拉帝歐斯,ラティオス,,Dragon,Psychic,600,80,90,80,130,110,110,3,
381,Latios,拉帝欧斯,拉帝歐斯,ラティオス,Mega Latios,Dragon,Psychic,700,80,130,100,160,120,110,3,
382,Kyogre,盖欧卡,蓋歐卡,カイオーガ,,Water,,670,100,100,90,150,140,90,3,
382,Kyogre,盖欧卡,蓋歐卡,カイオーガ,Primal Kyogre,Water,,770,100,150,90,180,160,90,3,
383,Groudon,固拉多,固拉多,グラードン,,Ground,,670,100,150,140,100,90,90,3,
383,Groudon,固拉多,固拉多,グラードン,Primal Groudon,Ground,Fire,770,100,180,160,150,90,90,3,
384,Rayquaza,烈空坐,烈空坐,レックウザ,,Dragon,Flying,680,105,150,90,150,90,95,3,
384,Rayquaza,烈空坐,烈空坐,レックウザ,Mega Rayquaza,Dragon,Flying,780,105,180,100,180,100,115,3,
385,Jirachi,基拉祈,基拉祈,ジラーチ,,Steel,Psychic,600,100,100,100,100,100,100,3,
386,Deoxys,代欧奇希斯,代歐奇希斯,デオキシス,Normal Forme,Psychic,,600,50,150,50,150,50,150,3,
386,Deoxys,代欧奇希斯,代歐奇希斯,デオキシス,Attack Forme,Psychic,,600,50,180,20,180,20,150,3,
386,Deoxys,代欧奇希斯,代歐奇希斯,デオキシス,Defense Forme,Psychic,,600,50,70,160,70,160,90,3,
386,Deoxys,代欧奇希斯,代歐奇希斯,デオキシス,Speed Forme,Psychic,,600,50,95,90,95,90,180,3,
387,Turtwig,草苗龟,草苗龜,ナエトル,,Grass,,318,55,68,64,45,55,31,4,
388,Grotle,树林龟,樹林龜,ハヤシガメ,,Grass,,405,75,89,85,55,65,36,4,
389,Torterra,土台龟,土台龜,ドダイトス,,Grass,Ground,525,95,109,105,75,85,56,4,
390,Chimchar,小火焰猴,小火焰猴,ヒコザル,,Fire,,309,44,58,44,58,44,61,4,
391,Monferno,猛火猴,猛火猴,モウカザル,,Fire,Fighting,405,64,78,52,78,52,81,4,
392,Infernape,烈焰猴,烈焰猴,ゴウカザル,,Fire,Fighting,534,76,104,71,104,71,108,4,
393,Piplup,波加曼,波加曼,ポッチャマ,,Water,,314,53,51,53,61,56,40,4,
394,Prinplup,波皇子,波皇子,ポッタイシ,,Water,,405,64,66,68,81,76,50,4,
395,Empoleon,帝王拿波,帝王拿波,エンペルト,,Water,Steel,530,84,86,88,111,101,60,4,
396,Starly,姆克儿,姆克兒,ムックル,,Normal,Flying,245,40,55,30,30,30,60,4,
397,Staravia,姆克鸟,姆克鳥,ムクバード,,Normal,Flying,340,55,75,50,40,40,80,4,
398,Staraptor,姆克鹰,姆克鷹,ムクホーク,,Normal,Flying,485,85,120,70,50,60,100,4,
399,Bidoof,大牙狸,大牙狸,ビッパ,,Normal,,250,59,45,40,35,40,31,4,
400,Bibarel,大尾狸,大尾狸,ビーダル,,Normal,Water,410,79,85,60,55,60,71,4,
401,Kricketot,圆法师,圓法師,コロボーシ,,Bug,,194,37,25,41,25,41,25,4,
402,Kricketune,音箱蟀,音箱蟀,コロトック,,Bug,,384,77,85,51,55,51,65,4,
403,Shinx,小猫怪,小貓怪,コリンク,,Electric,,263,45,65,34,40,34,45,4,
404,Luxio,勒克猫,勒克貓,ルクシオ,,Electric,,363,60,85,49,60,49,60,4,
405,Luxray,伦琴猫,倫琴貓,レントラー,,Electric,,523,80,120,79,95,79,70,4,
406,Budew,含羞苞,含羞苞,スボミー,,Grass,Poison,280,40,30,35,50,70,55,4,
407,Roserade,罗丝雷朵,羅絲雷朵,ロズレイド,,Grass,Poison,515,60,70,65,125,105,90,4,
408,Cranidos,头盖龙,頭蓋龍,ズガイドス,,Rock,,350,67,125,40,30,30,58,4,
409,Rampardos,战槌龙,戰槌龍,ラムパルド,,Rock,,495,97,165,60,65,50,58,4,
410,Shieldon,盾甲龙,盾甲龍,タテトプス,,Rock,Steel,350,30,42,118,42,88,30,4,
411,Bastiodon,护城龙,護城龍,トリデプス,,Rock,Steel,495,60,52,168,47,138,30,4,
412,Burmy,结草儿,結草兒,ミノムッチ,Plant Cloak,Bug,,224,40,29,45,29,45,36,4,
412,Burmy,结草儿,結草兒,ミノムッチ,Sandy Cloak,Bug,,224,40,29,45,29,45,36,4,
412,Burmy,结草儿,結草兒,ミノムッチ,Trash Cloak,Bug,,224,40,29,45,29,45,36,4,
413,Wormadam,结草贵妇,結草貴婦,ミノマダム,Plant Cloak,Bug,Grass,424,60,59,85,79,105,36,4,
413,Wormadam,结草贵妇,結草貴婦,ミノマダム,Sandy Cloak,Bug,Ground,424,60,79,105,59,85,36,4,
413,Wormadam,结草贵妇,結草貴婦,ミノマダム,Trash Cloak,Bug,Steel,424,60,69,95,69,95,36,4,
414,Mothim,绅士蛾,紳士蛾,ガーメイル,,Bug,Flying,424,70,94,50,94,50,66,4,
415,Combee,三蜜蜂,三蜜蜂,ミツハニー,,Bug,Flying,244,30,30,42,30,42,70,4,
416,Vespiquen,蜂女王,蜂女王,ビークイン,,Bug,Flying,474,70,80,102,80,102,40,4,
417,Pachirisu,帕奇利兹,帕奇利茲,パチリス,,Electric,,405,60,45,70,45,90,95,4,
418,Buizel,泳圈鼬,泳圈鼬,ブイゼル,,Water,,330,55,65,35,60,30,85,4,
419,Floatzel,浮潜鼬,浮潛鼬,フローゼル,,Water,,495,85,105,55,85,50,115,4,
420,Cherubi,樱花宝,櫻花寶,チェリンボ,,Grass,,275,45,35,45,62,53,35,4,
421,Cherrim,樱花儿,櫻花兒,チェリム,,Grass,,450,70,60,70,87,78,85,4,
422,Shellos,无壳海兔,無殼海兔,カラナクシ,,Water,,325,76,48,48,57,62,34,4,
423,Gastrodon,海兔兽,海兔獸,トリトドン,,Water,Ground,475,111,83,68,92,82,39,4,
424,Ambipom,双尾挖掘机,雙尾怪手,エテボース,,Normal,,482,75,100,66,60,66,115,4,
425,Drifloon,飘飘球,飄飄球,フワンテ,,Ghost,Flying,348,90,50,34,60,44,70,4,
426,Drifblim,随风球,隨風球,フワライド,,Ghost,Flying,498,150,80,44,90,54,80,4,
427,Buneary,卷卷耳,捲捲耳,ミミロル,,Normal,,350,55,66,44,44,56,85,4,
428,Lopunny,长耳兔,長耳兔,ミミロップ,,Normal,,480,65,76,84,54,96,105,4,
428,Lopunny,长耳兔,長耳兔,ミミロップ,Mega Lopunny,Normal,Fighting,580,65,136,94,54,96,135,4,
429,Mismagius,梦妖魔,夢妖魔,ムウマージ,,Ghost,,495,60,60,60,105,105,105,4,
430,Honchkrow,乌鸦头头,烏鴉頭頭,ドンカラス,,Dark,Flying,505,100,125,52,105,52,71,4,
431,Glameow,魅力喵,魅力喵,ニャルマー,,Normal,,310,49,55,42,42,37,85,4,
432,Purugly,东施喵,東施喵,ブニャット,,Normal,,452,71,82,64,64,59,112,4,
433,Chingling,铃铛响,鈴鐺響,リーシャン,,Psychic,,285,45,30,50,65,50,45,4,
434,Stunky,臭鼬噗,臭鼬噗,スカンプー,,Poison,Dark,329,63,63,47,41,41,74,4,
435,Skuntank,坦克臭鼬,坦克臭鼬,スカタンク,,Poison,Dark,479,103,93,67,71,61,84,4,
436,Bronzor,铜镜怪,銅鏡怪,ドーミラー,,Steel,Psychic,300,57,24,86,24,86,23,4,
437,Bronzong,青铜钟,青銅鐘,ドータクン,,Steel,Psychic,500,67,89,116,79,116,33,4,
438,Bonsly,盆才怪,盆才怪,ウソハチ,,Rock,,290,50,80,95,10,45,10,4,
439,Mime Jr.,魔尼尼,魔尼尼,マネネ,,Psychic,Fairy,310,20,25,45,70,90,60,4,
440,Happiny,小福蛋,小福蛋,ピンプク,,Normal,,220,100,5,5,15,65,30,4,
441,Chatot,聒噪鸟,聒噪鳥,ペラップ,,Normal,Flying,411,76,65,45,92,42,91,4,
442,Spiritomb,花岩怪,花岩怪,ミカルゲ,,Ghost,Dark,485,50,92,108,92,108,35,4,
443,Gible,圆陆鲨,圓陸鯊,フカマル,,Dragon,Ground,300,58,70,45,40,45,42,4,
444,Gabite,尖牙陆鲨,尖牙陸鯊,ガバイト,,Dragon,Ground,410,68,90,65,50,55,82,4,
445,Garchomp,烈咬陆鲨,烈咬陸鯊,ガブリアス,,Dragon,Ground,600,108,130,95,80,85,102,4,
445,Garchomp,烈咬陆鲨,烈咬陸鯊,ガブリアス,Mega Garchomp,Dragon,Ground,700,108,170,115,120,95,92,4,
446,Munchlax,小卡比兽,小卡比獸,ゴンベ,,Normal,,390,135,85,40,40,85,5,4,
447,Riolu,利欧路,利歐路,リオル,,Fighting,,285,40,70,40,35,40,60,4,
448,Lucario,路卡利欧,路卡利歐,ルカリオ,,Fighting,Steel,525,70,110,70,115,70,90,4,
448,Lucario,路卡利欧,路卡利歐,ルカリオ,Mega Lucario,Fighting,Steel,625,70,145,88,140,70,112,4,
449,Hippopotas,沙河马,沙河馬,ヒポポタス,,Ground,,330,68,72,78,38,42,32,4,
450,Hippowdon,河马兽,河馬獸,カバルドン,,Ground,,525,108,112,118,68,72,47,4,
451,Skorupi,钳尾蝎,鉗尾蠍,スコルピ,,Poison,Bug,330,40,50,90,30,55,65,4,
452,Drapion,龙王蝎,龍王蠍,ドラピオン,,Poison,Dark,500,70,90,110,60,75,95,4,
453,Croagunk,不良蛙,不良蛙,グレッグル,,Poison,Fighting,300,48,61,40,61,40,50,4,
454,Toxicroak,毒骷蛙,毒骷蛙,ドクロッグ,,Poison,Fighting,490,83,106,65,86,65,85,4,
455,Carnivine,尖牙笼,尖牙籠,マスキッパ,,Grass,,454,74,100,72,90,72,46,4,
456,Finneon,荧光鱼,螢光魚,ケイコウオ,,Water,,330,49,49,56,49,61,66,4,
457,Lumineon,霓虹鱼,霓虹魚,ネオラント,,Water,,460,69,69,76,69,86,91,4,
458,Mantyke,小球飞鱼,小球飛魚,タマンタ,,Water,Flying,345,45,20,50,60,120,50,4,
459,Snover,雪笠怪,雪笠怪,ユキカブリ,,Grass,Ice,334,60,62,50,62,60,40,4,
460,Abomasnow,暴雪王,暴雪王,ユキノオー,,Grass,Ice,494,90,92,75,92,85,60,4,
460,Abomasnow,暴雪王,暴雪王,ユキノオー,Mega Abomasnow,Grass,Ice,594,90,132,105,132,105,30,4,
461,Weavile,玛狃拉,瑪狃拉,マニューラ,,Dark,Ice,510,70,120,65,45,85,125,4,
462,Magnezone,自爆磁怪,自爆磁怪,ジバコイル,,Electric,Steel,535,70,70,115,130,90,60,4,
463,Lickilicky,大舌舔,大舌舔,ベロベルト,,Normal,,515,110,85,95,80,95,50,4,
464,Rhyperior,超甲狂犀,超甲狂犀,ドサイドン,,Ground,Rock,535,115,140,130,55,55,40,4,
465,Tangrowth,巨蔓藤,巨蔓藤,モジャンボ,,Grass,,535,100,100,125,110,50,50,4,
466,Electivire,电击魔兽,電擊魔獸,エレキブル,,Electric,,540,75,123,67,95,85,95,4,
467,Magmortar,鸭嘴炎兽,鴨嘴炎獸,ブーバーン,,Fire,,540,75,95,67,125,95,83,4,
468,Togekiss,波克基思,波克基斯,トゲキッス,,Fairy,Flying,545,85,50,95,120,115,80,4,
469,Yanmega,远古巨蜓,遠古巨蜓,メガヤンマ,,Bug,Flying,515,86,76,86,116,56,95,4,
470,Leafeon,叶伊布,葉伊布,リーフィア,,Grass,,525,65,110,130,60,65,95,4,
471,Glaceon,冰伊布,冰伊布,グレイシア,,Ice,,525,65,60,110,130,95,65,4,
472,Gliscor,天蝎王,天蠍王,グライオン,,Ground,Flying,510,75,95,125,45,75,95,4,
473,Mamoswine,象牙猪,象牙豬,マンムー,,Ice,Ground,530,110,130,80,70,60,80,4,
474,Porygon-Z,多边兽Ｚ,多邊獸Ｚ,ポリゴンＺ,,Normal,,535,85,80,70,135,75,90,4,
475,Gallade,艾路雷朵,艾路雷朵,エルレイド,,Psychic,Fighting,518,68,125,65,65,115,80,4,
475,Gallade,艾路雷朵,艾路雷朵,エルレイド,Mega Gallade,Psychic,Fighting,618,68,165,95,65,115,110,4,
476,Probopass,大朝北鼻,大朝北鼻,ダイノーズ,,Rock,Steel,525,60,55,145,75,150,40,4,
477,Dusknoir,黑夜魔灵,黑夜魔靈,ヨノワール,,Ghost,,525,45,100,135,65,135,45,4,
478,Froslass,雪妖女,雪妖女,ユキメノコ,,Ice,Ghost,480,70,80,70,80,70,110,4,
479,Rotom,洛托姆,洛托姆,ロトム,,Electric,Ghost,440,50,50,77,95,77,91,4,
479,Rotom,洛托姆,洛托姆,ロトム,Heat Rotom,Electric,Fire,520,50,65,107,105,107,86,4,
479,Rotom,洛托姆,洛托姆,ロトム,Wash Rotom,Electric,Water,520,50,65,107,105,107,86,4,
479,Rotom,洛托姆,洛托姆,ロトム,Frost Rotom,Electric,Ice,520,50,65,107,105,107,86,4,
479,Rotom,洛托姆,洛托姆,ロトム,Fan Rotom,Electric,Flying,520,50,65,107,105,107,86,4,
479,Rotom,洛托姆,洛托姆,ロトム,Mow Rotom,Electric,Grass,520,50,65,107,105,107,86,4,
480,Uxie,由克希,由克希,ユクシー,,Psychic,,580,75,75,130,75,130,95,4,
481,Mesprit,艾姆利多,艾姆利多,エムリット,,Psychic,,580,80,105,105,105,105,80,4,
482,Azelf,亚克诺姆,亞克諾姆,アグノム,,Psychic,,580,75,125,70,125,70,115,4,
483,Dialga,帝牙卢卡,帝牙盧卡,ディアルガ,,Steel,Dragon,680,100,120,120,150,100,90,4,
483,Dialga,帝牙卢卡,帝牙盧卡,ディアルガ,Origin Forme,Steel,Dragon,680,100,100,120,150,120,90,4,
484,Palkia,帕路奇亚,帕路奇亞,パルキア,,Water,Dragon,680,90,120,100,150,120,100,4,
484,Palkia,帕路奇亚,帕路奇亞,パルキア,Origin Forme,Water,Dragon,680,90,100,100,150,120,120,4,
485,Heatran,席多蓝恩,席多藍恩,ヒードラン,,Fire,Steel,600,91,90,106,130,106,77,4,
486,Regigigas,雷吉奇卡斯,雷吉奇卡斯,レジギガス,,Normal,,670,110,160,110,80,110,100,4,
487,Giratina,骑拉帝纳,騎拉帝納,ギラティナ,Altered Forme,Ghost,Dragon,680,150,100,120,100,120,90,4,
487,Giratina,骑拉帝纳,騎拉帝納,ギラティナ,Origin Forme,Ghost,Dragon,680,150,120,100,120,100,90,4,
488,Cresselia,克雷色利亚,克雷色利亞,クレセリア,,Psychic,,580,120,70,110,75,120,85,4,
489,Phione,霏欧纳,霏歐納,フィオネ,,Water,,480,80,80,80,80,80,80,4,
490,Manaphy,玛纳霏,瑪納霏,マナフィ,,Water,,600,100,100,100,100,100,100,4,
491,Darkrai,达克莱伊,達克萊伊,ダークライ,,Dark,,600,70,90,90,135,90,125,4,
492,Shaymin,谢米,謝米,シェイミ,Land Forme,Grass,,600,100,100,100,100,100,100,4,
492,Shaymin,骑拉帝纳,騎拉帝納,ギラティナ,Sky Forme,Grass,Flying,600,100,103,75,120,75,127,4,
493,Arceus,阿尔宙斯,阿爾宙斯,アルセウス,,Normal,,720,120,120,120,120,120,120,4,
494,Victini,比克提尼,比克提尼,ビクティニ,,Psychic,Fire,600,100,100,100,100,100,100,5,
495,Snivy,藤藤蛇,藤藤蛇,ツタージャ,,Grass,,308,45,45,55,45,55,63,5,
496,Servine,青藤蛇,青藤蛇,ジャノビー,,Grass,,413,60,60,75,60,75,83,5,
497,Serperior,君主蛇,君主蛇,ジャローダ,,Grass,,528,75,75,95,75,95,113,5,
498,Tepig,暖暖猪,暖暖豬,ポカブ,,Fire,,308,65,63,45,45,45,45,5,
499,Pignite,炒炒猪,炒炒豬,チャオブー,,Fire,Fighting,418,90,93,55,70,55,55,5,
500,Emboar,炎武王,炎武王,エンブオー,,Fire,Fighting,528,110,123,65,100,65,65,5,
501,Oshawott,水水獭,水水獺,ミジュマル,,Water,,308,55,55,45,63,45,45,5,
502,Dewott,双刃丸,雙刃丸,フタチマル,,Water,,413,75,75,60,83,60,60,5,
503,Samurott,大剑鬼,大劍鬼,ダイケンキ,,Water,,528,95,100,85,108,70,70,5,
503,Samurott,大剑鬼,大劍鬼,ダイケンキ,Hisuian Samurott,Water,Dark,528,90,108,80,100,65,85,5,
504,Patrat,探探鼠,探探鼠,ミネズミ,,Normal,,255,45,55,39,35,39,42,5,
505,Watchog,步哨鼠,步哨鼠,ミルホッグ,,Normal,,420,60,85,69,60,69,77,5,
506,Lillipup,小约克,小約克,ヨーテリー,,Normal,,275,45,60,45,25,45,55,5,
507,Herdier,哈约克,哈約克,ハーデリア,,Normal,,370,65,80,65,35,65,60,5,
508,Stoutland,长毛狗,長毛狗,ムーランド,,Normal,,500,85,110,90,45,90,80,5,
509,Purrloin,扒手猫,扒手貓,チョロネコ,,Dark,,281,41,50,37,50,37,66,5,
510,Liepard,酷豹,酷豹,レパルダス,,Dark,,446,64,88,50,88,50,106,5,
511,Pansage,花椰猴,花椰猴,ヤナップ,,Grass,,316,50,53,48,53,48,64,5,
512,Simisage,花椰猿,花椰猿,ヤナッキー,,Grass,,498,75,98,63,98,63,101,5,
513,Pansear,爆香猴,爆香猴,バオップ,,Fire,,316,50,53,48,53,48,64,5,
514,Simisear,爆香猿,爆香猿,バオッキー,,Fire,,498,75,98,63,98,63,101,5,
515,Panpour,冷水猴,冷水猴,ヒヤップ,,Water,,316,50,53,48,53,48,64,5,
516,Simipour,冷水猿,冷水猿,ヒヤッキー,,Water,,498,75,98,63,98,63,101,5,
517,Munna,食梦梦,食夢夢,ムンナ,,Psychic,,292,76,25,45,67,55,24,5,
518,Musharna,梦梦蚀,夢夢蝕,ムシャーナ,,Psychic,,487,116,55,85,107,95,29,5,
519,Pidove,豆豆鸽,豆豆鴿,マメパト,,Normal,Flying,264,50,55,50,36,30,43,5,
520,Tranquill,咕咕鸽,咕咕鴿,ハトーボー,,Normal,Flying,358,62,77,62,50,42,65,5,
521,Unfezant,高傲雉鸡,高傲雉雞,ケンホロウ,,Normal,Flying,488,80,115,80,65,55,93,5,
522,Blitzle,斑斑马,斑斑馬,シママ,,Electric,,295,45,60,32,50,32,76,5,
523,Zebstrika,雷电斑马,雷電斑馬,ゼブライカ,,Electric,,497,75,100,63,80,63,116,5,
524,Roggenrola,石丸子,石丸子,ダンゴロ,,Rock,,280,55,75,85,25,25,15,5,
525,Boldore,地幔岩,地幔岩,ガントル,,Rock,,390,70,105,105,50,40,20,5,
526,Gigalith,庞岩怪,龐岩怪,ギガイアス,,Rock,,515,85,135,130,60,80,25,5,
527,Woobat,滚滚蝙蝠,滾滾蝙蝠,コロモリ,,Psychic,Flying,323,65,45,43,55,43,72,5,
528,Swoobat,心蝙蝠,心蝙蝠,ココロモリ,,Psychic,Flying,425,67,57,55,77,55,114,5,
529,Drilbur,螺钉地鼠,螺釘地鼠,モグリュー,,Ground,,328,60,85,40,30,45,68,5,
530,Excadrill,龙头地鼠,龍頭地鼠,ドリュウズ,,Ground,Steel,508,110,135,60,50,65,88,5,
531,Audino,差不多娃娃,差不多娃娃,タブンネ,,Normal,,445,103,60,86,60,86,50,5,
531,Audino,差不多娃娃,差不多娃娃,タブンネ,Mega Audino,Normal,Fairy,545,103,60,126,80,126,50,5,
532,Timburr,搬运小匠,搬運小匠,ドッコラー,,Fighting,,305,75,80,55,25,35,35,5,
533,Gurdurr,铁骨土人,鐵骨土人,ドテッコツ,,Fighting,,405,85,105,85,40,50,40,5,
534,Conkeldurr,修建老匠,修建老匠,ローブシン,,Fighting,,505,105,140,95,55,65,45,5,
535,Tympole,圆蝌蚪,圓蝌蚪,オタマロ,,Water,,294,50,50,40,50,40,64,5,
536,Palpitoad,蓝蟾蜍,藍蟾蜍,ガマガル,,Water,Ground,384,75,65,55,65,55,69,5,
537,Seismitoad,蟾蜍王,蟾蜍王,ガマゲロゲ,,Water,Ground,509,105,95,75,85,75,74,5,
538,Throh,投摔鬼,投摔鬼,ナゲキ,,Fighting,,465,120,100,85,30,85,45,5,
539,Sawk,打击鬼,打擊鬼,ダゲキ,,Fighting,,465,75,125,75,30,75,85,5,
540,Sewaddle,虫宝包,蟲寶包,クルミル,,Bug,Grass,310,45,53,70,40,60,42,5,
541,Swadloon,宝包茧,寶包繭,クルマユ,,Bug,Grass,380,55,63,90,50,80,42,5,
542,Leavanny,保母虫,保母蟲,ハハコモリ,,Bug,Grass,500,75,103,80,70,80,92,5,
543,Venipede,百足蜈蚣,百足蜈蚣,フシデ,,Bug,Poison,260,30,45,59,30,39,57,5,
544,Whirlipede,车轮球,車輪毬,ホイーガ,,Bug,Poison,360,40,55,99,40,79,47,5,
545,Scolipede,蜈蚣王,蜈蚣王,ペンドラー,,Bug,Poison,485,60,100,89,55,69,112,5,
546,Cottonee,木棉球,木棉球,モンメン,,Grass,Fairy,280,40,27,60,37,50,66,5,
547,Whimsicott,风妖精,風妖精,エルフーン,,Grass,Fairy,480,60,67,85,77,75,116,5,
548,Petilil,百合根娃娃,百合根娃娃,チュリネ,,Grass,,280,45,35,50,70,50,30,5,
549,Lilligant,裙儿小姐,裙兒小姐,ドレディア,,Grass,,480,70,60,75,110,75,90,5,
549,Lilligant,裙儿小姐,裙兒小姐,ドレディア,Hisuian Lilligant,Grass,Fighting,480,70,105,75,50,75,105,5,
550,Basculin,野蛮鲈鱼,野蠻鱸魚,バスラオ,Red-Striped Form,Water,,460,70,92,65,80,55,98,5,
550,Basculin,野蛮鲈鱼,野蠻鱸魚,バスラオ,Blue-Striped Form,Water,,460,70,92,65,80,55,98,5,
550,Basculin,野蛮鲈鱼,野蠻鱸魚,バスラオ,White-Striped Form,Water,,460,70,92,65,80,55,98,5,
551,Sandile,黑眼鳄,黑眼鱷,メグロコ,,Ground,Dark,292,50,72,35,35,35,65,5,
552,Krokorok,混混鳄,混混鱷,ワルビル,,Ground,Dark,351,60,82,45,45,45,74,5,
553,Krookodile,流氓鳄,流氓鱷,ワルビアル,,Ground,Dark,519,95,117,80,65,70,92,5,
554,Darumaka,火红不倒翁,火紅不倒翁,ダルマッカ,,Fire,,315,70,90,45,15,45,50,5,
554,Darumaka,火红不倒翁,火紅不倒翁,ダルマッカ,Galarian Darumaka,Ice,,315,70,90,45,15,45,50,5,
555,Darmanitan,达摩狒狒,達摩狒狒,ヒヒダルマ,Standard Mode,Fire,,480,105,140,55,30,55,95,5,
555,Darmanitan,达摩狒狒,達摩狒狒,ヒヒダルマ,Zen Mode,Fire,Psychic,540,105,30,105,140,105,55,5,
555,Darmanitan,达摩狒狒,達摩狒狒,ヒヒダルマ,Galarian Standard Mode,Ice,,480,105,140,55,30,55,95,5,
555,Darmanitan,达摩狒狒,達摩狒狒,ヒヒダルマ,Galarian Zen Mode,Ice,Fire,540,105,160,55,30,55,135,5,
556,Maractus,沙铃仙人掌,沙鈴仙人掌,マラカッチ,,Grass,,461,75,86,67,106,67,60,5,
557,Dwebble,石居蟹,石居蟹,イシズマイ,,Bug,Rock,325,50,65,85,35,35,55,5,
558,Crustle,岩殿居蟹,岩殿居蟹,イワパレス,,Bug,Rock,485,70,105,125,65,75,45,5,
559,Scraggy,滑滑小子,滑滑小子,ズルッグ,,Dark,Fighting,348,50,75,70,35,70,48,5,
560,Scrafty,头巾混混,頭巾混混,ズルズキン,,Dark,Fighting,488,65,90,115,45,115,58,5,
561,Sigilyph,象征鸟,象徵鳥,シンボラー,,Psychic,Flying,490,72,58,80,103,80,97,5,
562,Yamask,哭哭面具,哭哭面具,デスマス,,Ghost,,303,38,30,85,55,65,30,5,
562,Yamask,哭哭面具,哭哭面具,デスマス,Galarian Yamask,Ground,Ghost,303,38,55,85,30,65,30,5,
563,Cofagrigus,死神棺,死神棺,デスカーン,,Ghost,,483,58,50,145,95,105,30,5,
564,Tirtouga,原盖海龟,原蓋海龜,プロトーガ,,Water,Rock,355,54,78,103,53,45,22,5,
565,Carracosta,肋骨海龟,肋骨海龜,アバゴーラ,,Water,Rock,495,74,108,133,83,65,32,5,
566,Archen,始祖小鸟,始祖小鳥,アーケン,,Rock,Flying,401,55,112,45,74,45,70,5,
567,Archeops,始祖大鸟,始祖大鳥,アーケオス,,Rock,Flying,567,75,140,65,112,65,110,5,
568,Trubbish,破破袋,破破袋,ヤブクロン,,Poison,,329,50,50,62,40,62,65,5,
569,Garbodor,灰尘山,灰塵山,ダストダス,,Poison,,474,80,95,82,60,82,75,5,
570,Zorua,索罗亚,索羅亞,ゾロア,,Dark,,330,40,65,40,80,40,65,5,
570,Zorua,索罗亚,索羅亞,ゾロア,Hisuian Zorua,Normal,Ghost,330,35,60,40,85,40,70,5,
571,Zoroark,索罗亚克,索羅亞克,ゾロアーク,,Dark,,510,60,105,60,120,60,105,5,
571,Zoroark,索罗亚克,索羅亞克,ゾロアーク,Hisuian Zoroark,Normal,Ghost,510,55,100,60,125,60,110,5,
572,Minccino,泡沫栗鼠,泡沫栗鼠,チラーミィ,,Normal,,300,55,50,40,40,40,75,5,
573,Cinccino,奇诺栗鼠,奇諾栗鼠,チラチーノ,,Normal,,470,75,95,60,65,60,115,5,
574,Gothita,哥德宝宝,哥德寶寶,ゴチム,,Psychic,,290,45,30,50,55,65,45,5,
575,Gothorita,哥德小童,哥德小童,ゴチミル,,Psychic,,390,60,45,70,75,85,55,5,
576,Gothitelle,哥德小姐,哥德小姐,ゴチルゼル,,Psychic,,490,70,55,95,95,110,65,5,
577,Solosis,单卵细胞球,單卵細胞球,ユニラン,,Psychic,,290,45,30,40,105,50,20,5,
578,Duosion,双卵细胞球,雙卵細胞球,ダブラン,,Psychic,,370,65,40,50,125,60,30,5,
579,Reuniclus,人造细胞卵,人造細胞卵,ランクルス,,Psychic,,490,110,65,75,125,85,30,5,
580,Ducklett,鸭宝宝,鴨寶寶,コアルヒー,,Water,Flying,305,62,44,50,44,50,55,5,
581,Swanna,舞天鹅,舞天鵝,スワンナ,,Water,Flying,473,75,87,63,87,63,98,5,
582,Vanillite,迷你冰,迷你冰,バニプッチ,,Ice,,305,36,50,50,65,60,44,5,
583,Vanillish,多多冰,多多冰,バニリッチ,,Ice,,395,51,65,65,80,75,59,5,
584,Vanilluxe,双倍多多冰,雙倍多多冰,バイバニラ,,Ice,,535,71,95,85,110,95,79,5,
585,Deerling,四季鹿,四季鹿,シキジカ,,Normal,Grass,335,60,60,50,40,50,75,5,
586,Sawsbuck,萌芽鹿,萌芽鹿,メブキジカ,,Normal,Grass,475,80,100,70,60,70,95,5,
587,Emolga,电飞鼠,電飛鼠,エモンガ,,Electric,Flying,428,55,75,60,75,60,103,5,
588,Karrablast,盖盖虫,蓋蓋蟲,カブルモ,,Bug,,315,50,75,45,40,45,60,5,
589,Escavalier,骑士蜗牛,騎士蝸牛,シュバルゴ,,Bug,Steel,495,70,135,105,60,105,20,5,
590,Foongus,哎呀球菇,哎呀球菇,タマゲタケ,,Grass,Poison,294,69,55,45,55,55,15,5,
591,Amoonguss,败露球菇,敗露球菇,モロバレル,,Grass,Poison,464,114,85,70,85,80,30,5,
592,Frillish,轻飘飘,輕飄飄,プルリル,,Water,Ghost,335,55,40,50,65,85,40,5,
593,Jellicent,胖嘟嘟,胖嘟嘟,ブルンゲル,,Water,Ghost,480,100,60,70,85,105,60,5,
594,Alomomola,保母曼波,保母曼波,ママンボウ,,Water,,470,165,75,80,40,45,65,5,
595,Joltik,电电虫,電電蟲,バチュル,,Bug,Electric,319,50,47,50,57,50,65,5,
596,Galvantula,电蜘蛛,電蜘蛛,デンチュラ,,Bug,Electric,472,70,77,60,97,60,108,5,
597,Ferroseed,种子铁球,種子鐵球,テッシード,,Grass,Steel,305,44,50,91,24,86,10,5,
598,Ferrothorn,坚果哑铃,堅果啞鈴,ナットレイ,,Grass,Steel,489,74,94,131,54,116,20,5,
599,Klink,齿轮儿,齒輪兒,ギアル,,Steel,,300,40,55,70,45,60,30,5,
600,Klang,齿轮组,齒輪組,ギギアル,,Steel,,440,60,80,95,70,85,50,5,
601,Klinklang,齿轮怪,齒輪怪,ギギギアル,,Steel,,520,60,100,115,70,85,90,5,
602,Tynamo,麻麻小鱼,麻麻小魚,シビシラス,,Electric,,275,35,55,40,45,40,60,5,
603,Eelektrik,麻麻鳗,麻麻鰻,シビビール,,Electric,,405,65,85,70,75,70,40,5,
604,Eelektross,麻麻鳗鱼王,麻麻鰻魚王,シビルドン,,Electric,,515,85,115,80,105,80,50,5,
605,Elgyem,小灰怪,小灰怪,リグレー,,Psychic,,335,55,55,55,85,55,30,5,
606,Beheeyem,大宇怪,大宇怪,オーベム,,Psychic,,485,75,75,75,125,95,40,5,
607,Litwick,烛光灵,燭光靈,ヒトモシ,,Ghost,Fire,275,50,30,55,65,55,20,5,
608,Lampent,灯火幽灵,燈火幽靈,ランプラー,,Ghost,Fire,370,60,40,60,95,60,55,5,
609,Chandelure,水晶灯火灵,水晶燈火靈,シャンデラ,,Ghost,Fire,520,60,55,90,145,90,80,5,
610,Axew,牙牙,牙牙,キバゴ,,Dragon,,320,46,87,60,30,40,57,5,
611,Fraxure,斧牙龙,斧牙龍,オノンド,,Dragon,,410,66,117,70,40,50,67,5,
612,Haxorus,双斧战龙,雙斧戰龍,オノノクス,,Dragon,,540,76,147,90,60,70,97,5,
613,Cubchoo,喷嚏熊,噴嚏熊,クマシュン,,Ice,,305,55,70,40,60,40,40,5,
614,Beartic,冻原熊,凍原熊,ツンベアー,,Ice,,505,95,130,80,70,80,50,5,
615,Cryogonal,几何雪花,幾何雪花,フリージオ,,Ice,,515,80,50,50,95,135,105,5,
616,Shelmet,小嘴蜗,小嘴蝸,チョボマキ,,Bug,,305,50,40,85,40,65,25,5,
617,Accelgor,敏捷虫,敏捷蟲,アギルダー,,Bug,,495,80,70,40,100,60,145,5,
618,Stunfisk,泥巴鱼,泥巴魚,マッギョ,,Ground,Electric,471,109,66,84,81,99,32,5,
618,Stunfisk,泥巴鱼,泥巴魚,マッギョ,Galarian Stunfisk,Ground,Steel,471,109,81,99,66,84,32,5,
619,Mienfoo,功夫鼬,功夫鼬,コジョフー,,Fighting,,350,45,85,50,55,50,65,5,
620,Mienshao,师父鼬,師父鼬,コジョンド,,Fighting,,510,65,125,60,95,60,105,5,
621,Druddigon,赤面龙,赤面龍,クリムガン,,Dragon,,485,77,120,90,60,90,48,5,
622,Golett,泥偶小人,泥偶小人,ゴビット,,Ground,Ghost,303,59,74,50,35,50,35,5,
623,Golurk,泥偶巨人,泥偶巨人,ゴルーグ,,Ground,Ghost,483,89,124,80,55,80,55,5,
624,Pawniard,驹刀小兵,駒刀小兵,コマタナ,,Dark,Steel,340,45,85,70,40,40,60,5,
625,Bisharp,劈斩司令,劈斬司令,キリキザン,,Dark,Steel,490,65,125,100,60,70,70,5,
626,Bouffalant,爆炸头水牛,爆炸頭水牛,バッフロン,,Normal,,490,95,110,95,40,95,55,5,
627,Rufflet,毛头小鹰,毛頭小鷹,ワシボン,,Normal,Flying,350,70,83,50,37,50,60,5,
628,Braviary,勇士雄鹰,勇士雄鷹,ウォーグル,,Normal,Flying,510,100,123,75,57,75,80,5,
628,Braviary,勇士雄鹰,勇士雄鷹,ウォーグル,Hisuian Braviary,Psychic,Flying,510,110,83,70,112,70,65,5,
629,Vullaby,秃鹰丫头,禿鷹丫頭,バルチャイ,,Dark,Flying,370,70,55,75,45,65,60,5,
630,Mandibuzz,秃鹰娜,禿鷹娜,バルジーナ,,Dark,Flying,510,110,65,105,55,95,80,5,
631,Heatmor,熔蚁兽,熔蟻獸,クイタラン,,Fire,,484,85,97,66,105,66,65,5,
632,Durant,铁蚁,鐵蟻,アイアント,,Bug,Steel,484,58,109,112,48,48,109,5,
633,Deino,单首龙,單首龍,モノズ,,Dark,Dragon,300,52,65,50,45,50,38,5,
634,Zweilous,双首暴龙,雙首暴龍,ジヘッド,,Dark,Dragon,420,72,85,70,65,70,58,5,
635,Hydreigon,三首恶龙,三首惡龍,サザンドラ,,Dark,Dragon,600,92,105,90,125,90,98,5,
636,Larvesta,燃烧虫,燃燒蟲,メラルバ,,Bug,Fire,360,55,85,55,50,55,60,5,
637,Volcarona,火神蛾,火神蛾,ウルガモス,,Bug,Fire,550,85,60,65,135,105,100,5,
638,Cobalion,勾帕路翁,勾帕路翁,コバルオン,,Steel,Fighting,580,91,90,129,90,72,108,5,
639,Terrakion,代拉基翁,代拉基翁,テラキオン,,Rock,Fighting,580,91,129,90,72,90,108,5,
640,Virizion,毕力吉翁,畢力吉翁,ビリジオン,,Grass,Fighting,580,91,90,72,90,129,108,5,
641,Tornadus,龙卷云,龍捲雲,トルネロス,Incarnate Forme,Flying,,580,79,115,70,125,80,111,5,
641,Tornadus,龙卷云,龍捲雲,トルネロス,Therian Forme,Flying,,580,79,100,80,110,90,121,5,
642,Thundurus,雷电云,雷電雲,ボルトロス,Incarnate Forme,Electric,Flying,580,79,115,70,125,80,111,5,
642,Thundurus,雷电云,雷電雲,ボルトロス,Therian Forme,Electric,Flying,580,79,105,70,145,80,101,5,
643,Reshiram,莱希拉姆,萊希拉姆,レシラム,,Dragon,Fire,680,100,120,100,150,120,90,5,
644,Zekrom,捷克罗姆,捷克羅姆,ゼクロム,,Dragon,Electric,680,100,150,120,120,100,90,5,
645,Landorus,土地云,土地雲,ランドロス,Incarnate Forme,Ground,Flying,600,89,125,90,115,80,101,5,
645,Landorus,土地云,土地雲,ランドロス,Therian Forme,Ground,Flying,600,89,145,90,105,80,91,5,
646,Kyurem,酋雷姆,酋雷姆,キュレム,,Dragon,Ice,660,125,130,90,130,90,95,5,
646,Kyurem,酋雷姆,酋雷姆,キュレム,White Kyurem,Dragon,Ice,700,125,120,90,170,100,95,5,
646,Kyurem,酋雷姆,酋雷姆,キュレム,Black Kyurem,Dragon,Ice,700,125,170,100,120,90,95,5,
647,Keldeo,凯路迪欧,凱路迪歐,ケルディオ,Ordinary Form,Water,Fighting,580,91,72,90,129,90,108,5,
647,Keldeo,凯路迪欧,凱路迪歐,ケルディオ,Resolute Form,Water,Fighting,580,91,72,90,129,90,108,5,
648,Meloetta,美洛耶塔,美洛耶塔,メロエッタ,Aria Forme,Normal,Psychic,600,100,77,77,128,128,90,5,
648,Meloetta,美洛耶塔,美洛耶塔,メロエッタ,Pirouette Forme,Normal,Fighting,600,100,128,90,77,77,128,5,
649,Genesect,盖诺赛克特,蓋諾賽克特,ゲノセクト,,Bug,Steel,600,71,120,95,120,95,99,5,
650,Chespin,哈力栗,哈力栗,ハリマロン,,Grass,,313,56,61,65,48,45,38,6,
651,Quilladin,胖胖哈力,胖胖哈力,ハリボーグ,,Grass,,405,61,78,95,56,58,57,6,
652,Chesnaught,布里卡隆,布里卡隆,ブリガロン,,Grass,Fighting,530,88,107,122,74,75,64,6,
653,Fennekin,火狐狸,火狐狸,フォッコ,,Fire,,307,40,45,40,62,60,60,6,
654,Braixen,长尾火狐,長尾火狐,テールナー,,Fire,,409,59,59,58,90,70,73,6,
655,Delphox,妖火红狐,妖火紅狐,マフォクシー,,Fire,Psychic,534,75,69,72,114,100,104,6,
656,Froakie,呱呱泡蛙,呱呱泡蛙,ケロマツ,,Water,,314,41,56,40,62,44,71,6,
657,Frogadier,呱头蛙,呱頭蛙,ゲコガシラ,,Water,,405,54,63,52,83,56,97,6,
658,Greninja,甲贺忍蛙,甲賀忍蛙,ゲッコウガ,,Water,Dark,530,72,95,67,103,71,122,6,
658,Greninja,甲贺忍蛙,甲賀忍蛙,ゲッコウガ,Ash-Greninja,Water,Dark,640,72,145,67,153,71,132,6,
659,Bunnelby,掘掘兔,掘掘兔,ホルビー,,Normal,,237,38,36,38,32,36,57,6,
660,Diggersby,掘地兔,掘地兔,ホルード,,Normal,Ground,423,85,56,77,50,77,78,6,
661,Fletchling,小箭雀,小箭雀,ヤヤコマ,,Normal,Flying,278,45,50,43,40,38,62,6,
662,Fletchinder,火箭雀,火箭雀,ヒノヤコマ,,Fire,Flying,382,62,73,55,56,52,84,6,
663,Talonflame,烈箭鹰,烈箭鷹,ファイアロー,,Fire,Flying,499,78,81,71,74,69,126,6,
664,Scatterbug,粉蝶虫,粉蝶蟲,コフキムシ,,Bug,,200,38,35,40,27,25,35,6,
665,Spewpa,粉蝶蛹,粉蝶蛹,コフーライ,,Bug,,213,45,22,60,27,30,29,6,
666,Vivillon,彩粉蝶,彩粉蝶,ビビヨン,,Bug,Flying,411,80,52,50,90,50,89,6,
667,Litleo,小狮狮,小獅獅,シシコ,,Fire,Normal,369,62,50,58,73,54,72,6,
668,Pyroar,火炎狮,火炎獅,カエンジシ,,Fire,Normal,507,86,68,72,109,66,106,6,
669,Flabébé,花蓓蓓,花蓓蓓,フラベベ,,Fairy,,303,44,38,39,61,79,42,6,
670,Floette,花叶蒂,花葉蒂,フラエッテ,,Fairy,,371,54,45,47,75,98,52,6,
671,Florges,花洁夫人,花潔夫人,フラージェス,,Fairy,,552,78,65,68,112,154,75,6,
672,Skiddo,坐骑小羊,坐騎小羊,メェークル,,Grass,,350,66,65,48,62,57,52,6,
673,Gogoat,坐骑山羊,坐騎山羊,ゴーゴート,,Grass,,531,123,100,62,97,81,68,6,
674,Pancham,顽皮熊猫,頑皮熊貓,ヤンチャム,,Fighting,,348,67,82,62,46,48,43,6,
675,Pangoro,流氓熊猫,流氓熊貓,ゴロンダ,,Fighting,Dark,495,95,124,78,69,71,58,6,
676,Furfrou,多丽米亚,多麗米亞,トリミアン,,Normal,,472,75,80,60,65,90,102,6,
677,Espurr,妙喵,妙喵,ニャスパー,,Psychic,,355,62,48,54,63,60,68,6,
678,Meowstic,超能妙喵,超能妙喵,ニャオニクス,Male,Psychic,,466,74,48,76,83,81,104,6,
678,Meowstic,超能妙喵,超能妙喵,ニャオニクス,Female,Psychic,,466,74,48,76,83,81,104,6,
679,Honedge,独剑鞘,獨劍鞘,ヒトツキ,,Steel,Ghost,325,45,80,100,35,37,28,6,
680,Doublade,双剑鞘,雙劍鞘,ニダンギル,,Steel,Ghost,448,59,110,150,45,49,35,6,
681,Aegislash,坚盾剑怪,堅盾劍怪,ギルガルド,Shield Forme,Steel,Ghost,500,60,50,140,50,140,60,6,
681,Aegislash,坚盾剑怪,堅盾劍怪,ギルガルド,Blade Forme,Steel,Ghost,500,60,140,50,140,50,60,6,
682,Spritzee,粉香香,粉香香,シュシュプ,,Fairy,,341,78,52,60,63,65,23,6,
683,Aromatisse,芳香精,芳香精,フレフワン,,Fairy,,462,101,72,72,99,89,29,6,
684,Swirlix,绵绵泡芙,綿綿泡芙,ペロッパフ,,Fairy,,341,62,48,66,59,57,49,6,
685,Slurpuff,胖甜妮,胖甜妮,ペロリーム,,Fairy,,480,82,80,86,85,75,72,6,
686,Inkay,好啦鱿,好啦魷,マーイーカ,,Dark,Psychic,288,53,54,53,37,46,45,6,
687,Malamar,乌贼王,烏賊王,カラマネロ,,Dark,Psychic,482,86,92,88,68,75,73,6,
688,Binacle,龟脚脚,龜腳腳,カメテテ,,Rock,Water,306,42,52,67,39,56,50,6,
689,Barbaracle,龟足巨铠,龜足巨鎧,ガメノデス,,Rock,Water,500,72,105,115,54,86,68,6,
690,Skrelp,垃垃藻,垃垃藻,クズモー,,Poison,Water,320,50,60,60,60,60,30,6,
691,Dragalge,毒藻龙,毒藻龍,ドラミドロ,,Poison,Dragon,494,65,75,90,97,123,44,6,
692,Clauncher,铁臂枪虾,鐵臂槍蝦,ウデッポウ,,Water,,330,50,53,62,58,63,44,6,
693,Clawitzer,钢炮臂虾,鋼炮臂蝦,ブロスター,,Water,,500,71,73,88,120,89,59,6,
694,Helioptile,伞电蜥,傘電蜥,エリキテル,,Electric,Normal,289,44,38,33,61,43,70,6,
695,Heliolisk,光电伞蜥,光電傘蜥,エレザード,,Electric,Normal,481,62,55,52,109,94,109,6,
696,Tyrunt,宝宝暴龙,寶寶暴龍,チゴラス,,Rock,Dragon,362,58,89,77,45,45,48,6,
697,Tyrantrum,怪颚龙,怪顎龍,ガチゴラス,,Rock,Dragon,521,82,121,119,69,59,71,6,
698,Amaura,冰雪龙,冰雪龍,アマルス,,Rock,Ice,362,77,59,50,67,63,46,6,
699,Aurorus,冰雪巨龙,冰雪巨龍,アマルルガ,,Rock,Ice,521,123,77,72,99,92,58,6,
700,Sylveon,仙子伊布,仙子伊布,ニンフィア,,Fairy,,525,95,65,65,110,130,60,6,
701,Hawlucha,摔角鹰人,摔角鷹人,ルチャブル,,Fighting,Flying,500,78,92,75,74,63,118,6,
702,Dedenne,咚咚鼠,咚咚鼠,デデンネ,,Electric,Fairy,431,67,58,57,81,67,101,6,
703,Carbink,小碎钻,小碎鑽,メレシー,,Rock,Fairy,500,50,50,150,50,150,50,6,
704,Goomy,黏黏宝,黏黏寶,ヌメラ,,Dragon,,300,45,50,35,55,75,40,6,
705,Sliggoo,黏美儿,黏美兒,ヌメイル,,Dragon,,452,68,75,53,83,113,60,6,
705,Sliggoo,黏美儿,黏美兒,ヌメイル,Hisuian Sliggoo,Steel,Dragon,452,58,75,83,83,113,40,6,
706,Goodra,黏美龙,黏美龍,ヌメルゴン,,Dragon,,600,90,100,70,110,150,80,6,
706,Goodra,黏美龙,黏美龍,ヌメルゴン,Hisuian Goodra,Steel,Dragon,600,80,100,100,110,150,60,6,
707,Klefki,钥圈儿,鑰圈兒,クレッフィ,,Steel,Fairy,470,57,80,91,80,87,75,6,
708,Phantump,小木灵,小木靈,ボクレー,,Ghost,Grass,309,43,70,48,50,60,38,6,
709,Trevenant,朽木妖,朽木妖,オーロット,,Ghost,Grass,474,85,110,76,65,82,56,6,
710,Pumpkaboo,南瓜精,南瓜精,バケッチャ,Average Size,Ghost,Grass,335,49,66,70,44,55,51,6,
710,Pumpkaboo,南瓜精,南瓜精,バケッチャ,Small Size,Ghost,Grass,335,44,66,70,44,55,56,6,
710,Pumpkaboo,南瓜精,南瓜精,バケッチャ,Large Size,Ghost,Grass,335,54,66,70,44,55,46,6,
710,Pumpkaboo,南瓜精,南瓜精,バケッチャ,Super Size,Ghost,Grass,335,59,66,70,44,55,41,6,
711,Gourgeist,南瓜怪人,南瓜怪人,パンプジン,Average Size,Ghost,Grass,494,65,90,122,58,75,84,6,
711,Gourgeist,南瓜怪人,南瓜怪人,パンプジン,Small Size,Ghost,Grass,494,55,85,122,58,75,99,6,
711,Gourgeist,南瓜怪人,南瓜怪人,パンプジン,Large Size,Ghost,Grass,494,75,95,122,58,75,69,6,
711,Gourgeist,南瓜怪人,南瓜怪人,パンプジン,Super Size,Ghost,Grass,494,85,100,122,58,75,54,6,
712,Bergmite,冰宝,冰寶,カチコール,,Ice,,304,55,69,85,32,35,28,6,
713,Avalugg,冰岩怪,冰岩怪,クレベース,,Ice,,514,95,117,184,44,46,28,6,
713,Avalugg,冰岩怪,冰岩怪,クレベース,Hisuian Avalugg,Ice,Rock,514,95,127,184,34,36,38,6,
714,Noibat,嗡蝠,嗡蝠,オンバット,,Flying,Dragon,245,40,30,35,45,40,55,6,
715,Noivern,音波龙,音波龍,オンバーン,,Flying,Dragon,535,85,70,80,97,80,123,6,
716,Xerneas,哲尔尼亚斯,哲爾尼亞斯,ゼルネアス,,Fairy,,680,126,131,95,131,98,99,6,
717,Yveltal,伊裴尔塔尔,伊裴爾塔爾,イベルタル,,Dark,Flying,680,126,131,95,131,98,99,6,
718,Zygarde,基格尔德,基格爾德,ジガルデ,50% Forme,Dragon,Ground,600,108,100,121,81,95,95,6,
718,Zygarde,基格尔德,基格爾德,ジガルデ,10% Forme,Dragon,Ground,486,54,100,71,61,85,115,6,
718,Zygarde,基格尔德,基格爾德,ジガルデ,Complete Forme,Dragon,Ground,708,216,100,121,91,95,85,6,
719,Diancie,蒂安希,蒂安希,ディアンシー,,Rock,Fairy,600,50,100,150,100,150,50,6,
719,Diancie,蒂安希,蒂安希,ディアンシー,Mega Diancie,Rock,Fairy,700,50,160,110,160,110,110,6,
720,Hoopa,胡帕·封印,胡帕·封印,フーパ,Hoopa Confined,Psychic,Ghost,600,80,110,60,150,130,70,6,
720,Hoopa,胡帕·解放,胡帕·解放,フーパ,Hoopa Unbound,Psychic,Dark,680,80,160,60,170,130,80,6,
721,Volcanion,波尔凯尼恩,波爾凱尼恩,ボルケニオン,,Fire,Water,600,80,110,120,130,90,70,6,
722,Rowlet,木木枭,木木梟,モクロー,,Grass,Flying,320,68,55,55,50,50,42,7,
723,Dartrix,投羽枭,投羽梟,フクスロー,,Grass,Flying,420,78,75,75,70,70,52,7,
724,Decidueye,狙射树枭,狙射樹梟,ジュナイパー,,Grass,Ghost,530,78,107,75,100,100,70,7,
724,Decidueye,狙射树枭,狙射樹梟,ジュナイパー,Hisuian Decidueye,Grass,Fighting,530,88,112,80,95,95,60,7,
725,Litten,火斑喵,火斑喵,ニャビー,,Fire,,320,45,65,40,60,40,70,7,
726,Torracat,炎热喵,炎熱喵,ニャヒート,,Fire,,420,65,85,50,80,50,90,7,
727,Incineroar,炽焰咆哮虎,熾焰咆哮虎,ガオガエン,,Fire,Dark,530,95,115,90,80,90,60,7,
728,Popplio,球球海狮,球球海獅,アシマリ,,Water,,320,50,54,54,66,56,40,7,
729,Brionne,花漾海狮,花漾海獅,オシャマリ,,Water,,420,60,69,69,91,81,50,7,
730,Primarina,西狮海壬,西獅海壬,アシレーヌ,,Water,Fairy,530,80,74,74,126,116,60,7,
731,Pikipek,小笃儿,小篤兒,ツツケラ,,Normal,Flying,265,35,75,30,30,30,65,7,
732,Trumbeak,喇叭啄鸟,喇叭啄鳥,ケララッパ,,Normal,Flying,355,55,85,50,40,50,75,7,
733,Toucannon,铳嘴大鸟,銃嘴大鳥,ドデカバシ,,Normal,Flying,485,80,120,75,75,75,60,7,
734,Yungoos,猫鼬少,貓鼬少,ヤングース,,Normal,,253,48,70,30,30,30,45,7,
735,Gumshoos,猫鼬探长,貓鼬探長,デカグース,,Normal,,418,88,110,60,55,60,45,7,
736,Grubbin,强颚鸡母虫,強顎雞母蟲,アゴジムシ,,Bug,,300,47,62,45,55,45,46,7,
737,Charjabug,虫电宝,蟲電寶,デンヂムシ,,Bug,Electric,400,57,82,95,55,75,36,7,
738,Vikavolt,锹农炮虫,鍬農炮蟲,クワガノン,,Bug,Electric,500,77,70,90,145,75,43,7,
739,Crabrawler,好胜蟹,好勝蟹,マケンカニ,,Fighting,,338,47,82,57,42,47,63,7,
740,Crabominable,好胜毛蟹,好勝毛蟹,ケケンカニ,,Fighting,Ice,478,97,132,77,62,67,43,7,
741,Oricorio,花舞鸟,花舞鳥,オドリドリ,Baile Style,Fire,Flying,476,75,70,70,98,70,93,7,
741,Oricorio,花舞鸟,花舞鳥,オドリドリ,Pom-Pom Style,Electric,Flying,476,75,70,70,98,70,93,7,
741,Oricorio,花舞鸟,花舞鳥,オドリドリ,Pa'u Style,Psychic,Flying,476,75,70,70,98,70,93,7,
741,Oricorio,花舞鸟,花舞鳥,オドリドリ,Sensu Style,Ghost,Flying,476,75,70,70,98,70,93,7,
742,Cutiefly,萌虻,萌虻,アブリー,,Bug,Fairy,304,40,45,40,55,40,84,7,
743,Ribombee,蝶结萌虻,蝶結萌虻,アブリボン,,Bug,Fairy,464,60,55,60,95,70,124,7,
744,Rockruff,岩狗狗,岩狗狗,イワンコ,,Rock,,280,45,65,40,30,40,60,7,
744,Rockruff,岩狗狗,岩狗狗,イワンコ,Own Tempo Rockruff,Rock,,280,45,65,40,30,40,60,7,
745,Lycanroc,鬃岩狼人,鬃岩狼人,ルガルガン,Midday Form,Rock,,487,75,115,65,55,65,112,7,
745,Lycanroc,鬃岩狼人,鬃岩狼人,ルガルガン,Midnight Form,Rock,,487,85,115,75,55,75,82,7,
745,Lycanroc,鬃岩狼人,鬃岩狼人,ルガルガン,Dusk Form,Rock,,487,75,117,65,55,65,110,7,
746,Wishiwashi,弱丁鱼,弱丁魚,ヨワシ,Solo Form,Water,,175,45,20,20,25,25,40,7,
746,Wishiwashi,弱丁鱼,弱丁魚,ヨワシ,School Form,Water,,620,45,140,130,140,135,30,7,
747,Mareanie,好坏星,好壞星,ヒドイデ,,Poison,Water,305,50,53,62,43,52,45,7,
748,Toxapex,超坏星,超壞星,ドヒドイデ,,Poison,Water,495,50,63,152,53,142,35,7,
749,Mudbray,泥驴仔,泥驢仔,ドロバンコ,,Ground,,385,70,100,70,45,55,45,7,
750,Mudsdale,重泥挽马,重泥輓馬,バンバドロ,,Ground,,500,100,125,100,55,85,35,7,
751,Dewpider,滴蛛,滴蛛,シズクモ,,Water,Bug,269,38,40,52,40,72,27,7,
752,Araquanid,滴蛛霸,滴蛛霸,オニシズクモ,,Water,Bug,454,68,70,92,50,132,42,7,
753,Fomantis,伪螳草,偽螳草,カリキリ,,Grass,,250,40,55,35,50,35,35,7,
754,Lurantis,兰螳花,蘭螳花,ラランテス,,Grass,,480,70,105,90,80,90,45,7,
755,Morelull,睡睡菇,睡睡菇,ネマシュ,,Grass,Fairy,285,40,35,55,65,75,15,7,
756,Shiinotic,灯罩夜菇,燈罩夜菇,マシェード,,Grass,Fairy,405,60,45,80,90,100,30,7,
757,Salandit,夜盗火蜥,夜盜火蜥,ヤトウモリ,,Poison,Fire,320,48,44,40,71,40,77,7,
758,Salazzle,焰后蜥,焰后蜥,エンニュート,,Poison,Fire,480,68,64,60,111,60,117,7,
759,Stufful,童偶熊,童偶熊,ヌイコグマ,,Normal,Fighting,340,70,75,50,45,50,50,7,
760,Bewear,穿着熊,穿著熊,キテルグマ,,Normal,Fighting,500,120,125,80,55,60,60,7,
761,Bounsweet,甜竹竹,甜竹竹,アマカジ,,Grass,,210,42,30,38,30,38,32,7,
762,Steenee,甜舞妮,甜舞妮,アママイコ,,Grass,,290,52,40,48,40,48,62,7,
763,Tsareena,甜冷美后,甜冷美后,アマージョ,,Grass,,510,72,120,98,50,98,72,7,
764,Comfey,花疗环环,花療環環,キュワワー,,Fairy,,485,51,52,90,82,110,100,7,
765,Oranguru,智挥猩,智揮猩,ヤレユータン,,Normal,Psychic,490,90,60,80,90,110,60,7,
766,Passimian,投掷猴,投擲猴,ナゲツケサル,,Fighting,,490,100,120,90,40,60,80,7,
767,Wimpod,胆小虫,膽小蟲,コソクムシ,,Bug,Water,230,25,35,40,20,30,80,7,
768,Golisopod,具甲武者,具甲武者,グソクムシャ,,Bug,Water,530,75,125,140,60,90,40,7,
769,Sandygast,沙丘娃,沙丘娃,スナバァ,,Ghost,Ground,320,55,55,80,70,45,15,7,
770,Palossand,噬沙堡爷,噬沙堡爺,シロデスナ,,Ghost,Ground,480,85,75,110,100,75,35,7,
771,Pyukumuku,拳海参,拳海參,ナマコブシ,,Water,,410,55,60,130,30,130,5,7,
772,Type: Null,属性：空,屬性：空,タイプ：ヌル,,Normal,,534,95,95,95,95,95,59,7,
773,Silvally,银伴战兽,銀伴戰獸,シルヴァディ,,Normal,,570,95,95,95,95,95,95,7,
774,Minior,小陨星,小隕星,メテノ,Meteor Form,Rock,Flying,440,60,60,100,60,100,60,7,
774,Minior,小陨星,小隕星,メテノ,Core Form,Rock,Flying,500,60,100,60,100,60,120,7,
775,Komala,树枕尾熊,樹枕尾熊,ネッコアラ,,Normal,,480,65,115,65,75,95,65,7,
776,Turtonator,爆焰龟兽,爆焰龜獸,バクガメス,,Fire,Dragon,485,60,78,135,91,85,36,7,
777,Togedemaru,托戈德玛尔,托戈德瑪爾,トゲデマル,,Electric,Steel,435,65,98,63,40,73,96,7,
778,Mimikyu,谜拟Ｑ,謎擬Ｑ,ミミッキュ,,Ghost,Fairy,476,55,90,80,50,105,96,7,
779,Bruxish,磨牙彩皮鱼,磨牙彩皮魚,ハギギシリ,,Water,Psychic,475,68,105,70,70,70,92,7,
780,Drampa,老翁龙,老翁龍,ジジーロン,,Normal,Dragon,485,78,60,85,135,91,36,7,
781,Dhelmise,破破舵轮,破破舵輪,ダダリン,,Ghost,Grass,517,70,131,100,86,90,40,7,
782,Jangmo-o,心鳞宝,心鱗寶,ジャラコ,,Dragon,,300,45,55,65,45,45,45,7,
783,Hakamo-o,鳞甲龙,鱗甲龍,ジャランゴ,,Dragon,Fighting,420,55,75,90,65,70,65,7,
784,Kommo-o,杖尾鳞甲龙,杖尾鱗甲龍,ジャラランガ,,Dragon,Fighting,600,75,110,125,100,105,85,7,
785,Tapu Koko,卡璞・鸣鸣,卡璞・鳴鳴,カプ・コケコ,,Electric,Fairy,570,70,115,85,95,75,130,7,
786,Tapu Lele,卡璞・蝶蝶,卡璞・蝶蝶,カプ・テテフ,,Psychic,Fairy,570,70,85,75,130,115,95,7,
787,Tapu Bulu,卡璞・哞哞,卡璞・哞哞,カプ・ブルル,,Grass,Fairy,570,70,130,115,85,95,75,7,
788,Tapu Fini,卡璞・鳍鳍,卡璞・鰭鰭,カプ・レヒレ,,Water,Fairy,570,70,75,115,95,130,85,7,
789,Cosmog,科斯莫古,科斯莫古,コスモッグ,,Psychic,,200,43,29,31,29,31,37,7,
790,Cosmoem,科斯莫姆,科斯莫姆,コスモウム,,Psychic,,400,43,29,131,29,131,37,7,
791,Solgaleo,索尔迦雷欧,索爾迦雷歐,ソルガレオ,,Psychic,Steel,680,137,137,107,113,89,97,7,
792,Lunala,露奈雅拉,露奈雅拉,ルナアーラ,,Psychic,Ghost,680,137,113,89,137,107,97,7,
793,Nihilego,虚吾伊德,虛吾伊德,ウツロイド,,Rock,Poison,570,109,53,47,127,131,103,7,
794,Buzzwole,爆肌蚊,爆肌蚊,マッシブーン,,Bug,Fighting,570,107,139,139,53,53,79,7,
795,Pheromosa,费洛美螂,費洛美螂,フェローチェ,,Bug,Fighting,570,71,137,37,137,37,151,7,
796,Xurkitree,电束木,電束木,デンジュモク,,Electric,,570,83,89,71,173,71,83,7,
797,Celesteela,铁火辉夜,鐵火輝夜,テッカグヤ,,Steel,Flying,570,97,101,103,107,101,61,7,
798,Kartana,纸御剑,紙御劍,カミツルギ,,Grass,Steel,570,59,181,131,59,31,109,7,
799,Guzzlord,恶食大王,惡食大王,アクジキング,,Dark,Dragon,570,223,101,53,97,53,43,7,
800,Necrozma,奈克洛兹玛,奈克洛茲瑪,ネクロズマ,,Psychic,,600,97,107,101,127,89,79,7,
800,Necrozma,奈克洛兹玛,奈克洛茲瑪,ネクロズマ,Dusk Mane Necrozma,Psychic,Steel,680,97,157,127,113,109,77,7,
800,Necrozma,奈克洛兹玛,奈克洛茲瑪,ネクロズマ,Dawn Wings Necrozma,Psychic,Ghost,680,97,113,109,157,127,77,7,
800,Necrozma,奈克洛兹玛,奈克洛茲瑪,ネクロズマ,Ultra Necrozma,Psychic,Dragon,754,97,167,97,167,97,129,7,
801,Magearna,玛机雅娜,瑪機雅娜,マギアナ,,Steel,Fairy,600,80,95,115,130,115,65,7,
802,Marshadow,玛夏多,瑪夏多,マーシャドー,,Fighting,Ghost,600,90,125,80,90,90,125,7,
803,Poipole,毒贝比,毒貝比,ベベノム,,Poison,,420,67,73,67,73,67,73,7,
804,Naganadel,四颚针龙,四顎針龍,アーゴヨン,,Poison,Dragon,540,73,73,73,127,73,121,7,
805,Stakataka,垒磊石,壘磊石,ツンデツンデ,,Rock,Steel,570,61,131,211,53,101,13,7,
806,Blacephalon,砰头小丑,砰頭小丑,ズガドーン,,Fire,Ghost,570,53,127,53,151,79,107,7,
807,Zeraora,捷拉奥拉,捷拉奧拉,ゼラオラ,,Electric,,600,88,112,75,102,80,143,7,
808,Meltan,美录坦,美錄坦,メルタン,,Steel,,300,46,65,65,55,35,34,7,
809,Melmetal,美录梅塔,美錄梅塔,メルメタル,,Steel,,600,135,143,143,80,65,34,7,
810,Grookey,敲音猴,敲音猴,サルノリ,,Grass,,310,50,65,50,40,40,65,8,
811,Thwackey,啪咚猴,啪咚猴,バチンキー,,Grass,,420,70,85,70,55,60,80,8,
812,Rillaboom,轰擂金刚猩,轟擂金剛猩,ゴリランダー,,Grass,,530,100,125,90,60,70,85,8,
813,Scorbunny,炎兔儿,炎兔兒,ヒバニー,,Fire,,310,50,71,40,40,40,69,8,
814,Raboot,腾蹴小将,騰蹴小將,ラビフット,,Fire,,420,65,86,60,55,60,94,8,
815,Cinderace,闪焰王牌,閃焰王牌,エースバーン,,Fire,,530,80,116,75,65,75,119,8,
816,Sobble,泪眼蜥,淚眼蜥,メッソン,,Water,,310,50,40,40,70,40,70,8,
817,Drizzile,变涩蜥,變澀蜥,ジメレオン,,Water,,420,65,60,55,95,55,90,8,
818,Inteleon,千面避役,千面避役,インテレオン,,Water,,530,70,85,65,125,65,120,8,
819,Skwovet,贪心栗鼠,貪心栗鼠,ホシガリス,,Normal,,275,70,55,55,35,35,25,8,
820,Greedent,藏饱栗鼠,藏飽栗鼠,ヨクバリス,,Normal,,460,120,95,95,55,75,20,8,
821,Rookidee,稚山雀,稚山雀,ココガラ,,Flying,,245,38,47,35,33,35,57,8,
822,Corvisquire,蓝鸦,藍鴉,アオガラス,,Flying,,365,68,67,55,43,55,77,8,
823,Corviknight,钢铠鸦,鋼鎧鴉,アーマーガア,,Flying,Steel,495,98,87,105,53,85,67,8,
824,Blipbug,索侦虫,索偵蟲,サッチムシ,,Bug,,180,25,20,20,25,45,45,8,
825,Dottler,天罩虫,天罩蟲,レドームシ,,Bug,Psychic,335,50,35,80,50,90,30,8,
826,Orbeetle,以欧路普,以歐路普,イオルブ,,Bug,Psychic,505,60,45,110,80,120,90,8,
827,Nickit,狡小狐,偷兒狐,クスネ,,Dark,,245,40,28,28,47,52,50,8,
828,Thievul,猾大狐,狐大盜,フォクスライ,,Dark,,455,70,58,58,87,92,90,8,
829,Gossifleur,幼棉棉,幼棉棉,ヒメンカ,,Grass,,250,40,40,60,40,60,10,8,
830,Eldegoss,白蓬蓬,白蓬蓬,ワタシラガ,,Grass,,460,60,50,90,80,120,60,8,
831,Wooloo,毛辫羊,毛辮羊,ウールー,,Normal,,270,42,40,55,40,45,48,8,
832,Dubwool,毛毛角羊,毛毛角羊,バイウールー,,Normal,,490,72,80,100,60,90,88,8,
833,Chewtle,咬咬龟,咬咬龜,カムカメ,,Water,,284,50,64,50,38,38,44,8,
834,Drednaw,暴噬龟,暴噬龜,カジリガメ,,Water,Rock,485,90,115,90,48,68,74,8,
835,Yamper,来电汪,來電汪,ワンパチ,,Electric,,270,59,45,50,40,50,26,8,
836,Boltund,逐电犬,逐電犬,パルスワン,,Electric,,490,69,90,60,90,60,121,8,
837,Rolycoly,小炭仔,小炭仔,タンドン,,Rock,,240,30,40,50,40,50,30,8,
838,Carkol,大炭车,大炭車,トロッゴン,,Rock,Fire,410,80,60,90,60,70,50,8,
839,Coalossal,巨炭山,巨炭山,セキタンザン,,Rock,Fire,510,110,80,120,80,90,30,8,
840,Applin,啃果虫,啃果蟲,カジッチュ,,Grass,Dragon,260,40,40,80,40,40,20,8,
841,Flapple,苹裹龙,蘋裹龍,アップリュー,,Grass,Dragon,485,70,110,80,95,60,70,8,
842,Appletun,丰蜜龙,豐蜜龍,タルップル,,Grass,Dragon,485,110,85,80,100,80,30,8,
843,Silicobra,沙包蛇,沙包蛇,スナヘビ,,Ground,,315,52,57,75,35,50,46,8,
844,Sandaconda,沙螺蟒,沙螺蟒,サダイジャ,,Ground,,510,72,107,125,65,70,71,8,
845,Cramorant,古月鸟,古月鳥,ウッウ,,Flying,Water,475,70,85,55,85,95,85,8,
846,Arrokuda,刺梭鱼,刺梭魚,サシカマス,,Water,,280,41,63,40,40,30,66,8,
847,Barraskewda,戽斗尖梭,戽斗尖梭,カマスジョー,,Water,,490,61,123,60,60,50,136,8,
848,Toxel,电音婴,毒電嬰,エレズン,,Electric,Poison,242,40,38,35,54,35,40,8,
849,Toxtricity,颤弦蝾螈,顫弦蠑螈,ストリンダー,Amped Form,Electric,Poison,502,75,98,70,114,70,75,8,
849,Toxtricity,颤弦蝾螈,顫弦蠑螈,ストリンダー,Low Key Form,Electric,Poison,502,75,98,70,114,70,75,8,
850,Sizzlipede,烧火蚣,燒火蚣,ヤクデ,,Fire,Bug,305,50,65,45,50,50,45,8,
851,Centiskorch,焚焰蚣,焚焰蚣,マルヤクデ,,Fire,Bug,525,100,115,65,90,90,65,8,
852,Clobbopus,拳拳蛸,拳拳蛸,タタッコ,,Fighting,,310,50,68,60,50,50,32,8,
853,Grapploct,八爪武师,八爪武師,オトスパス,,Fighting,,480,80,118,90,70,80,42,8,
854,Sinistea,来悲茶,來悲茶,ヤバチャ,,Ghost,,308,40,45,45,74,54,50,8,
855,Polteageist,怖思壶,怖思壺,ポットデス,,Ghost,,508,60,65,65,134,114,70,8,
856,Hatenna,迷布莉姆,迷布莉姆,ミブリム,,Psychic,,265,42,30,45,56,53,39,8,
857,Hattrem,提布莉姆,提布莉姆,テブリム,,Psychic,,370,57,40,65,86,73,49,8,
858,Hatterene,布莉姆温,布莉姆溫,ブリムオン,,Psychic,Fairy,510,57,90,95,136,103,29,8,
859,Impidimp,捣蛋小妖,搗蛋小妖,ベロバー,,Dark,Fairy,265,45,45,30,55,40,50,8,
860,Morgrem,诈唬魔,詐唬魔,ギモー,,Dark,Fairy,370,65,60,45,75,55,70,8,
861,Grimmsnarl,长毛巨魔,長毛巨魔,オーロンゲ,,Dark,Fairy,510,95,120,65,95,75,60,8,
862,Obstagoon,堵拦熊,堵攔熊,タチフサグマ,,Dark,Normal,520,93,90,101,60,81,95,8,
863,Perrserker,喵头目,喵頭目,ニャイキング,,Steel,,440,70,110,100,50,60,50,8,
864,Cursola,魔灵珊瑚,魔靈珊瑚,サニゴーン,,Ghost,,510,60,95,50,145,130,30,8,
865,Sirfetch'd,葱游兵,蔥遊兵,ネギガナイト,,Fighting,,507,62,135,95,68,82,65,8,
866,Mr. Rime,踏冰人偶,踏冰人偶,バリコオル,,Ice,Psychic,520,80,85,75,110,100,70,8,
867,Runerigus,迭失板,死神板,デスバーン,,Ground,Ghost,483,58,95,145,50,105,30,8,
868,Milcery,小仙奶,小仙奶,マホミル,,Fairy,,270,45,40,40,50,61,34,8,
869,Alcremie,霜奶仙,霜奶仙,マホイップ,,Fairy,,495,65,60,75,110,121,64,8,
870,Falinks,列阵兵,列陣兵,タイレーツ,,Fighting,,470,65,100,100,70,60,75,8,
871,Pincurchin,啪嚓海胆,啪嚓海膽,バチンウニ,,Electric,,435,48,101,95,91,85,15,8,
872,Snom,雪吞虫,雪吞蟲,ユキハミ,,Ice,Bug,185,30,25,35,45,30,20,8,
873,Frosmoth,雪绒蛾,雪絨蛾,モスノウ,,Ice,Bug,475,70,65,60,125,90,65,8,
874,Stonjourner,巨石丁,巨石丁,イシヘンジン,,Rock,,470,100,125,135,20,20,70,8,
875,Eiscue,冰砌鹅,冰砌鵝,コオリッポ,Ice Face,Ice,,470,75,80,110,65,90,50,8,
875,Eiscue,冰砌鹅,冰砌鵝,コオリッポ,Noice Face,Ice,,470,75,80,70,65,50,130,8,
876,Indeedee,爱管侍,愛管侍,イエッサン,Male,Psychic,Normal,475,60,65,55,105,95,95,8,
876,Indeedee,爱管侍,愛管侍,イエッサン,Female,Psychic,Normal,475,70,55,65,95,105,85,8,
877,Morpeko,莫鲁贝可,莫魯貝可,モルペコ,Full Belly Mode,Electric,Dark,436,58,95,58,70,58,97,8,
877,Morpeko,莫鲁贝可,莫魯貝可,モルペコ,Hangry Mode,Electric,Dark,436,58,95,58,70,58,97,8,
878,Cufant,铜象,銅象,ゾウドウ,,Steel,,330,72,80,49,40,49,40,8,
879,Copperajah,大王铜象,大王銅象,ダイオウドウ,,Steel,,500,122,130,69,80,69,30,8,
880,Dracozolt,雷鸟龙,雷鳥龍,パッチラゴン,,Electric,Dragon,505,90,100,90,80,70,75,8,
881,Arctozolt,雷鸟海兽,雷鳥海獸,パッチルドン,,Electric,Ice,505,90,100,90,90,80,55,8,
882,Dracovish,鳃鱼龙,鰓魚龍,ウオノラゴン,,Water,Dragon,505,90,90,100,70,80,75,8,
883,Arctovish,鳃鱼海兽,鰓魚海獸,ウオチルドン,,Water,Ice,505,90,90,100,80,90,55,8,
884,Duraludon,铝钢龙,鋁鋼龍,ジュラルドン,,Steel,Dragon,535,70,95,115,120,50,85,8,
885,Dreepy,多龙梅西亚,多龍梅西亞,ドラメシヤ,,Dragon,Ghost,270,28,60,30,40,30,82,8,
886,Drakloak,多龙奇,多龍奇,ドロンチ,,Dragon,Ghost,410,68,80,50,60,50,102,8,
887,Dragapult,多龙巴鲁托,多龍巴魯托,ドラパルト,,Dragon,Ghost,600,88,120,75,100,75,142,8,
888,Zacian,苍响,蒼響,ザシアン,Hero of Many Battles,Fairy,,660,92,120,115,80,115,138,8,
888,Zacian,苍响,蒼響,ザシアン,Crowned Sword,Fairy,Steel,700,92,150,115,80,115,148,8,
889,Zamazenta,藏玛然特,藏瑪然特,ザマゼンタ,Hero of Many Battles,Fighting,,660,92,120,115,80,115,138,8,
889,Zamazenta,藏玛然特,藏瑪然特,ザマゼンタ,Crowned Shield,Fighting,Steel,700,92,120,140,80,140,128,8,
890,Eternatus,无极汰那,無極汰那,ムゲンダイナ,,Poison,Dragon,690,140,85,95,145,95,130,8,
890,Eternatus,无极汰那,無極汰那,ムゲンダイナ,Eternamax,Poison,Dragon,1125,255,115,250,125,250,130,8,
891,Kubfu,熊徒弟,熊徒弟,ダクマ,,Fighting,,385,60,90,60,53,50,72,8,
892,Urshifu,武道熊师,武道熊師,ウーラオス,Single Strike Style,Fighting,Dark,550,100,130,100,63,60,97,8,
892,Urshifu,武道熊师,武道熊師,ウーラオス,Rapid Strike Style,Fighting,Water,550,100,130,100,63,60,97,8,
893,Zarude,萨戮德,薩戮德,ザルード,,Dark,Grass,600,105,120,105,70,95,105,8,
894,Regieleki,雷吉艾勒奇,雷吉艾勒奇,レジエレキ,,Electric,,580,80,100,50,100,50,200,8,
895,Regidrago,雷吉铎拉戈,雷吉鐸拉戈,レジドラゴ,,Dragon,,580,200,100,50,100,50,80,8,
896,Glastrier,雪暴马,雪暴馬,ブリザポス,,Ice,,580,100,145,130,65,110,30,8,
897,Spectrier,灵幽马,靈幽馬,レイスポス,,Ghost,,580,100,65,60,145,80,130,8,
898,Calyrex,蕾冠王,蕾冠王,バドレックス,,Psychic,Grass,500,100,80,80,80,80,80,8,
898,Calyrex,蕾冠王,蕾冠王,バドレックス,Ice Rider,Psychic,Ice,680,100,165,150,85,130,50,8,
898,Calyrex,蕾冠王,蕾冠王,バドレックス,Shadow Rider,Psychic,Ghost,680,100,85,80,165,100,150,8,
899,Wyrdeer,诡角鹿,詭角鹿,アヤシシ,,Normal,Psychic,525,103,105,72,105,75,65,8,
900,Kleavor,劈斧螳螂,劈斧螳螂,バサギリ,,Bug,Rock,500,70,135,95,45,70,85,8,
901,Ursaluna,月月熊,月月熊,ガチグマ,,Ground,Normal,550,130,140,105,45,80,50,8,
901,Ursaluna,月月熊,月月熊,ガチグマ,Bloodmoon,Ground,Normal,555,113,70,120,135,65,52,8,
902,Basculegion,幽尾玄鱼,幽尾玄魚,イダイトウ,Male,Water,Ghost,530,120,112,65,80,75,78,8,
902,Basculegion,幽尾玄鱼,幽尾玄魚,イダイトウ,Female,Water,Ghost,530,120,92,65,100,75,78,8,
903,Sneasler,大狃拉,大狃拉,オオニューラ,,Fighting,Poison,510,80,130,60,40,80,120,8,
904,Overqwil,万针鱼,萬針魚,ハリーマン,,Dark,Poison,510,85,115,95,65,65,85,8,
905,Enamorus,眷恋云,眷戀雲,ラブトロス,Incarnate Forme,Fairy,Flying,580,74,115,70,135,80,106,8,
905,Enamorus,眷恋云,眷戀雲,ラブトロス,Therian Forme,Fairy,Flying,580,74,115,110,135,100,46,8,
906,Sprigatito,新叶喵,新葉喵,ニャオハ,,Grass,,310,40,61,54,45,45,65,9,
907,Floragato,蒂蕾喵,蒂蕾喵,ニャローテ,,Grass,,410,61,80,63,60,63,83,9,
908,Meowscarada,魔幻假面喵,魔幻假面喵,マスカーニャ,,Grass,Dark,530,76,110,70,81,70,123,9,
909,Fuecoco,呆火鳄,呆火鱷,ホゲータ,,Fire,,310,67,45,59,63,40,36,9,
910,Crocalor,炙烫鳄,炙燙鱷,アチゲータ,,Fire,,411,81,55,78,90,58,49,9,
911,Skeledirge,骨纹巨声鳄,骨紋巨聲鱷,ラウドボーン,,Fire,Ghost,530,104,75,100,110,75,66,9,
912,Quaxly,润水鸭,潤水鴨,クワッス,,Water,,310,55,65,45,50,45,50,9,
913,Quaxwell,涌跃鸭,湧躍鴨,ウェルカモ,,Water,,410,70,85,65,65,60,65,9,
914,Quaquaval,狂欢浪舞鸭,狂歡浪舞鴨,ウェーニバル,,Water,Fighting,530,85,120,80,85,75,85,9,
915,Lechonk,爱吃豚,愛吃豚,グルトン,,Normal,,254,54,45,40,35,45,35,9,
916,Oinkologne,飘香豚,飄香豚,パフュートン,Male,Normal,,489,110,100,75,59,80,65,9,
916,Oinkologne,飘香豚,飄香豚,パフュートン,Female,Normal,,489,115,90,70,59,90,65,9,
917,Tarountula,团珠蛛,團珠蛛,タマンチュラ,,Bug,,210,35,41,45,29,40,20,9,
918,Spidops,操陷蛛,操陷蛛,ワナイダー,,Bug,,404,60,79,92,52,86,35,9,
919,Nymble,豆蟋蟀,豆蟋蟀,マメバッタ,,Bug,,210,33,46,40,21,25,45,9,
920,Lokix,烈腿蝗,烈腿蝗,エクスレッグ,,Bug,Dark,450,71,102,78,52,55,92,9,
921,Pawmi,布拨,布撥,パモ,,Electric,,240,45,50,20,40,25,60,9,
922,Pawmo,布土拨,布土撥,パモット,,Electric,Fighting,350,60,75,40,50,40,85,9,
923,Pawmot,巴布土拨,巴布土撥,パーモット,,Electric,Fighting,490,70,115,70,70,60,105,9,
924,Tandemaus,一对鼠,一對鼠,ワッカネズミ,,Normal,,305,50,50,45,40,45,75,9,
925,Maushold,一家鼠,一家鼠,イッカネズミ,Family of Four,Normal,,470,74,75,70,65,75,111,9,
925,Maushold,一家鼠,一家鼠,イッカネズミ,Family of Three,Normal,,470,74,75,70,65,75,111,9,
926,Fidough,狗仔包,狗仔包,パピモッチ,,Fairy,,312,37,55,70,30,55,65,9,
927,Dachsbun,麻花犬,麻花犬,バウッツェル,,Fairy,,477,57,80,115,50,80,95,9,
928,Smoliv,迷你芙,迷你芙,ミニーブ,,Grass,Normal,260,41,35,45,58,51,30,9,
929,Dolliv,奥利纽,奧利紐,オリーニョ,,Grass,Normal,354,52,53,60,78,78,33,9,
930,Arboliva,奥利瓦,奧利瓦,オリーヴァ,,Grass,Normal,510,78,69,90,125,109,39,9,
931,Squawkabilly,怒鹦哥,怒鸚哥,イキリンコ,Green Plumage,Normal,Flying,417,82,96,51,45,51,92,9,
931,Squawkabilly,怒鹦哥,怒鸚哥,イキリンコ,Blue Plumage,Normal,Flying,417,82,96,51,45,51,92,9,
931,Squawkabilly,怒鹦哥,怒鸚哥,イキリンコ,Yellow Plumage,Normal,Flying,417,82,96,51,45,51,92,9,
931,Squawkabilly,怒鹦哥,怒鸚哥,イキリンコ,White Plumage,Normal,Flying,417,82,96,51,45,51,92,9,
932,Nacli,盐石宝,鹽石寶,コジオ,,Rock,,280,55,55,75,35,35,25,9,
933,Naclstack,盐石垒,鹽石壘,ジオヅム,,Rock,,355,60,60,100,35,65,35,9,
934,Garganacl,盐石巨灵,鹽石巨靈,キョジオーン,,Rock,,500,100,100,130,45,90,35,9,
935,Charcadet,炭小侍,炭小侍,カルボウ,,Fire,,255,40,50,40,50,40,35,9,
936,Armarouge,红莲铠骑,紅蓮鎧騎,グレンアルマ,,Fire,Psychic,525,85,60,100,125,80,75,9,
937,Ceruledge,苍炎刃鬼,蒼炎刃鬼,ソウブレイズ,,Fire,Ghost,525,75,125,80,60,100,85,9,
938,Tadbulb,光蚪仔,光蚪仔,ズピカ,,Electric,,272,61,31,41,59,35,45,9,
939,Bellibolt,电肚蛙,電肚蛙,ハラバリー,,Electric,,495,109,64,91,103,83,45,9,
940,Wattrel,电海燕,電海燕,カイデン,,Electric,Flying,280,40,40,35,55,40,70,9,
941,Kilowattrel,大电海燕,大電海燕,タイカイデン,,Electric,Flying,490,70,70,60,105,60,125,9,
942,Maschiff,偶叫獒,偶叫獒,オラチフ,,Dark,,340,60,78,60,40,51,51,9,
943,Mabosstiff,獒教父,獒教父,マフィティフ,,Dark,,505,80,120,90,60,70,85,9,
944,Shroodle,滋汁鼹,滋汁鼴,シルシュルー,,Poison,Normal,290,40,65,35,40,35,75,9,
945,Grafaiai,涂标客,塗標客,タギングル,,Poison,Normal,485,63,95,65,80,72,110,9,
946,Bramblin,纳噬草,納噬草,アノクサ,,Grass,Ghost,275,40,65,30,45,35,60,9,
947,Brambleghast,怖纳噬草,怖納噬草,アノホラグサ,,Grass,Ghost,480,55,115,70,80,70,90,9,
948,Toedscool,原野水母,原野水母,ノノクラゲ,,Ground,Grass,335,40,40,35,50,100,70,9,
949,Toedscruel,陆地水母,陸地水母,リククラゲ,,Ground,Grass,515,80,70,65,80,120,100,9,
950,Klawf,毛崖蟹,毛崖蟹,ガケガニ,,Rock,,450,70,100,115,35,55,75,9,
951,Capsakid,热辣娃,熱辣娃,カプサイジ,,Grass,,304,50,62,40,62,40,50,9,
952,Scovillain,狠辣椒,狠辣椒,スコヴィラン,,Grass,Fire,486,65,108,65,108,65,75,9,
953,Rellor,虫滚泥,蟲滾泥,シガロコ,,Bug,,270,41,50,60,31,58,30,9,
954,Rabsca,虫甲圣,蟲甲聖,ベラカス,,Bug,Psychic,470,75,50,85,115,100,45,9,
955,Flittle,飘飘雏,飄飄雛,ヒラヒナ,,Psychic,,255,30,35,30,55,30,75,9,
956,Espathra,超能艳鸵,超能艷鴕,クエスパトラ,,Psychic,,481,95,60,60,101,60,105,9,
957,Tinkatink,小锻匠,小鍛匠,カヌチャン,,Fairy,Steel,297,50,45,45,35,64,58,9,
958,Tinkatuff,巧锻匠,巧鍛匠,ナカヌチャン,,Fairy,Steel,380,65,55,55,45,82,78,9,
959,Tinkaton,巨锻匠,巨鍛匠,デカヌチャン,,Fairy,Steel,506,85,75,77,70,105,94,9,
960,Wiglett,海地鼠,海地鼠,ウミディグダ,,Water,,245,10,55,25,35,25,95,9,
961,Wugtrio,三海地鼠,三海地鼠,ウミトリオ,,Water,,425,35,100,50,50,70,120,9,
962,Bombirdier,下石鸟,下石鳥,オトシドリ,,Flying,Dark,485,70,103,85,60,85,82,9,
963,Finizen,波普海豚,波普海豚,ナミイルカ,,Water,,315,70,45,40,45,40,75,9,
964,Palafin,海豚侠,海豚俠,イルカマン,Zero Form,Water,,457,100,70,72,53,62,100,9,
964,Palafin,海豚侠,海豚俠,イルカマン,Hero Form,Water,,650,100,160,97,106,87,100,9,
965,Varoom,噗隆隆,噗隆隆,ブロロン,,Steel,Poison,300,45,70,63,30,45,47,9,
966,Revavroom,普隆隆姆,普隆隆姆,ブロロローム,,Steel,Poison,500,80,119,90,54,67,90,9,
967,Cyclizar,摩托蜥,摩托蜥,モトトカゲ,,Dragon,Normal,501,70,95,65,85,65,121,9,
968,Orthworm,拖拖蚓,拖拖蚓,ミミズズ,,Steel,,480,70,85,145,60,55,65,9,
969,Glimmet,晶光芽,晶光芽,キラーメ,,Rock,Poison,350,48,35,42,105,60,60,9,
970,Glimmora,晶光花,晶光花,キラフロル,,Rock,Poison,525,83,55,90,130,81,86,9,
971,Greavard,墓仔狗,墓仔狗,ボチ,,Ghost,,290,50,61,60,30,55,34,9,
972,Houndstone,墓扬犬,墓揚犬,ハカドッグ,,Ghost,,488,72,101,100,50,97,68,9,
973,Flamigo,纏红鹤,纏紅鶴,カラミンゴ,,Flying,Fighting,500,82,115,74,75,64,90,9,
974,Cetoddle,走鲸,走鯨,アルクジラ,,Ice,,334,108,68,45,30,40,43,9,
975,Cetitan,浩大鲸,浩大鯨,ハルクジラ,,Ice,,521,170,113,65,45,55,73,9,
976,Veluza,轻身鳕,輕身鱈,ミガルーサ,,Water,Psychic,478,90,102,73,78,65,70,9,
977,Dondozo,吃吼霸,吃吼霸,ヘイラッシャ,,Water,,530,150,100,115,65,65,35,9,
978,Tatsugiri,米立龙,米立龍,シャリタツ,Curly Form,Dragon,Water,475,68,50,60,120,95,82,9,
978,Tatsugiri,米立龙,米立龍,シャリタツ,Droopy Form,Dragon,Water,475,68,50,60,120,95,82,9,
978,Tatsugiri,米立龙,米立龍,シャリタツ,Stretchy Form,Dragon,Water,475,68,50,60,120,95,82,9,
979,Annihilape,弃世猴,棄世猴,コノヨザル,,Fighting,Ghost,535,110,115,80,50,90,90,9,
980,Clodsire,土王,土王,ドオー,,Poison,Ground,430,130,75,60,45,100,20,9,
981,Farigiraf,奇麒麟,奇麒麟,リキキリン,,Normal,Psychic,520,120,90,70,110,70,60,9,
982,Dudunsparce,土龙节节,土龍節節,ノココッチ,Two-Segment Form,Normal,,520,125,100,80,85,75,55,9,
982,Dudunsparce,土龙节节,土龍節節,ノココッチ,Three-Segment Form,Normal,,520,125,100,80,85,75,55,9,
983,Kingambit,仆刀将军,仆刀將軍,ドドゲザン,,Dark,Steel,550,100,135,120,60,85,50,9,
984,Great Tusk,雄伟牙,雄偉牙,イダイナキバ,,Ground,Fighting,570,115,131,131,53,53,87,9,
985,Scream Tail,吼叫尾,吼叫尾,サケブシッポ,,Fairy,Psychic,570,115,65,99,65,115,111,9,
986,Brute Bonnet,猛恶菇,猛惡菇,アラブルタケ,,Grass,Dark,570,111,127,99,79,99,55,9,
987,Flutter Mane,振翼发,振翼髮,ハバタクカミ,,Ghost,Fairy,570,55,55,55,135,135,135,9,
988,Slither Wing,爬地翅,爬地翅,チヲハウハネ,,Bug,Fighting,570,85,135,79,85,105,81,9,
989,Sandy Shocks,沙铁皮,沙鐵皮,スナノケガワ,,Electric,Ground,570,85,81,97,121,85,101,9,
990,Iron Treads,铁轍迹,鐵轍跡,テツノワダチ,,Ground,Steel,570,90,112,120,72,70,106,9,
991,Iron Bundle,铁包袱,鐵包袱,テツノツツミ,,Ice,Water,570,56,80,114,124,60,136,9,
992,Iron Hands,铁臂膀,鐵臂膀,テツノカイナ,,Fighting,Electric,570,154,140,108,50,68,50,9,
993,Iron Jugulis,铁脖颈,鐵脖頸,テツノコウベ,,Dark,Flying,570,94,80,86,122,80,108,9,
994,Iron Moth,铁毒蛾,鐵毒蛾,テツノドクガ,,Fire,Poison,570,80,70,60,140,110,110,9,
995,Iron Thorns,铁荆棘,鐵荊棘,テツノイバラ,,Rock,Electric,570,100,134,110,70,84,72,9,
996,Frigibax,凉脊龙,涼脊龍,セビエ,,Dragon,Ice,320,65,75,45,35,45,55,9,
997,Arctibax,冻脊龙,凍脊龍,セゴール,,Dragon,Ice,423,90,95,66,45,65,62,9,
998,Baxcalibur,戟脊龙,戟脊龍,セグレイブ,,Dragon,Ice,600,115,145,92,75,86,87,9,
999,Gimmighoul,索财灵,索財靈,コレクレー,Chest Form,Ghost,,300,45,30,70,75,70,10,9,
999,Gimmighoul,索财灵,索財靈,コレクレー,Roaming Form,Ghost,,300,45,30,25,75,45,80,9,
1000,Gholdengo,赛富豪,賽富豪,サーフゴー,,Steel,Ghost,550,87,60,95,133,91,84,9,
1001,Wo-Chien,古简蜗,古簡蝸,チオンジェン,,Dark,Grass,570,85,85,100,95,135,70,9,
1002,Chien-Pao,古剑豹,古劍豹,パオジアン,,Dark,Ice,570,80,120,80,90,65,135,9,
1003,Ting-Lu,古鼎鹿,古鼎鹿,ディンルー,,Dark,Ground,570,155,110,125,55,80,45,9,
1004,Chi-Yu,古玉鱼,古玉魚,イーユイ,,Dark,Fire,570,55,80,80,135,120,100,9,
1005,Roaring Moon,轰鸣月,轟鳴月,トドロクツキ,,Dragon,Dark,590,105,139,71,55,101,119,9,
1006,Iron Valiant,铁武者,鐵武者,テツノブジン,,Fairy,Fighting,590,74,130,90,120,60,116,9,
1007,Koraidon,故勒顿,故勒頓,コライドン,,Fighting,Dragon,670,100,135,115,85,100,135,9,
1008,Miraidon,密勒顿,密勒頓,ミライドン,,Electric,Dragon,670,100,85,100,135,115,135,9,
1009,Walking Wake,波荡水,波盪水,ウネルミナモ,,Water,Dragon,590,99,83,91,125,83,109,9,
1010,Iron Leaves,铁斑叶,鐵斑葉,テツノイサハ,,Grass,Psychic,590,90,130,88,70,108,104,9,
1011,Dipplin,裹蜜虫,裹蜜蟲,カミッチュ,,Grass,Dragon,485,80,80,110,95,80,40,9,
1012,Poltchageist,斯魔茶,斯魔茶,チャデス,,Grass,Ghost,308,40,45,45,74,54,50,9,
1013,Sinistcha,来悲粗茶,來悲粗茶,ヤバソチャ,,Grass,Ghost,508,71,60,106,121,80,70,9,
1014,Okidogi,够赞狗,夠讚狗,イイネイヌ,,Poison,Fighting,555,88,128,115,58,86,80,9,
1015,Munkidori,愿增猿,願增猿,マシマシラ,,Poison,Psychic,555,88,75,66,130,90,106,9,
1016,Fezandipiti,吉雉鸡,吉雉雞,キチキギス,,Poison,Fairy,555,88,91,82,70,125,99,9,
1017,Ogerpon,厄诡椪,厄鬼椪,オーガポン,Teal Mask,Grass,,550,80,120,84,60,96,110,9,
1017,Ogerpon,厄诡椪,厄鬼椪,オーガポン,Wellspring Mask,Grass,Water,550,80,120,84,60,96,110,9,
1017,Ogerpon,厄诡椪,厄鬼椪,オーガポン,Hearthflame Mask,Grass,Fire,550,80,120,84,60,96,110,9,
1017,Ogerpon,厄诡椪,厄鬼椪,オーガポン,Cornerstone Mask,Grass,Rock,550,80,120,84,60,96,110,9,
1018,Archaludon,铝钢桥龙,鋁鋼橋龍,ブリジュラス,,Steel,Dragon,600,90,105,130,125,65,85,9,
1019,Hydrapple,蜜集大蛇,蜜集大蛇,カミツオロチ,,Grass,Dragon,540,106,80,110,120,80,44,9,
1020,Gouging Fire,破空焰,破空焰,ウガツホムラ,,Fire,Dragon,590,105,115,121,65,93,91,9,
1021,Raging Bolt,猛雷鼓,猛雷鼓,タケルライコ,,Electric,Dragon,590,125,73,91,137,89,75,9,
1022,Iron Boulder,鐵磐岩,铁磐岩,テツノイワオ,,Rock,Psychic,590,90,120,80,68,108,124,9,
1023,Iron Crown,鐵頭殼,铁头壳,テツノカシラ,,Steel,Psychic,590,90,72,100,122,108,98,9,
1024,Terapagos,太乐巴戈斯,太樂巴戈斯,テラパゴス,Normal Form,Normal,,450,90,65,85,65,85,60,9,
1024,Terapagos,太乐巴戈斯,太樂巴戈斯,テラパゴス,Terastal Form,Normal,,600,95,95,110,105,110,85,9,
1024,Terapagos,太乐巴戈斯,太樂巴戈斯,テラパゴス,Stellar Form,Normal,,700,160,105,110,130,110,85,9,
1025,Pecharunt,桃歹郎,桃歹郎,モモワロウ,,Poison,Ghost,600,88,88,160,88,88,88,9,
